chapter_id,subject,current_remaining_detail_or_uncertainty,status,detailed_register
Adi001,Invocation; Naimisha frame; cosmology; text transmission; epic synopsis; praise,Full opening hymn sequence; creation/entity and time-cycle enumerations; textual-size and transmission figures; complete epic-tree metaphor; every Dhritarashtra/Sanjaya loss-of-hope incident; full phalashruti and commentary. The draft only samples/summarizes long sections4390-6495.,not_certified_unabridged,chapter_inventory_01_63.json
Adi002,Samantapanchaka; army units; battle duration; main and subsidiary parvas,Every army-unit multiplication from patti upward; full hundred-subparva list; each parva synopsis beyond its label; source chapter/verse counts and their variants; all closing praise. The eighteen-parva overview is present but not the full inventory6759-8928.,not_certified_unabridged,chapter_inventory_01_63.json
Adi003,Sarama; Somashravas; Aruni; Upamanyu; Baida; Uttanka and earrings,"Full Ashvin hymn9494-9820; exact Somashravas exception9097-9132 and divergent Sanskrit/Kannada gloss; all purity/acamana detail10297-10426; complete Uttanka hymns and weave/wheel allegory10600-10969; the meal-curse discussion in full. Major distinct incidents are retained, but conversations are condensed.",not_certified_unabridged,chapter_inventory_01_63.json
Adi004,Assembly waits for Shaunaka; arrival and Bhrigu-line inquiry,"Full request/response wording and transition formulae. The event sequence is represented, but no verse-level comparison has been completed.",not_certified_unabridged,chapter_inventory_01_63.json
Adi005,Bhrigu ancestry; Puloma rakshasa questions Agni about Puloma the wife,Complete Bhrigu birth/ancestry introduction and precise distinction between earlier desire/promise and valid marriage; all of Agni’s witness reasoning. Dialogue is currently narrated indirectly.,not_certified_unabridged,chapter_inventory_01_63.json
Adi006,Abduction; Chyavana birth; rakshasa destroyed; Vadhusara; Bhrigu curses Agni,"Every verse in the mother’s return, Brahma’s naming of Vadhusara and Bhrigu’s interrogation; source commentary on name etymology and witness responsibility.",not_certified_unabridged,chapter_inventory_01_63.json
Adi007,"Agni’s defense, withdrawal and Brahma’s resolution","Full witness-duty argument, offerings to gods/ancestors, differentiated Agni mouths/forms and purification explanation. The source’s technical ritual distinctions are condensed into a scene-level explanation.",not_certified_unabridged,chapter_inventory_01_63.json
Adi008,Bhrigu lineage; Pramadvara’s parentage/adoption; betrothal; snakebite,Complete lineage names and precise relationships; full list of sages at the death scene; all descriptions of foster care and wedding arrangements. Verify Shunaka/Shaunaka distinction.,not_certified_unabridged,chapter_inventory_01_63.json
Adi009,Ruru’s lament; half-life gift; revival and marriage; serpent hatred,Full lament and merit appeal; complete messenger/Visvavasu/Yama exchange; exact wedding timing; detailed vow wording. The supernatural lifespan gift is attributed to this story.,not_certified_unabridged,chapter_inventory_01_63.json
Adi010,Ruru confronts harmless Dundubha; identity revealed,"Full distinction between venomous snakes and harmless Dundubhas, and the initial questioning before Sahasrapat’s backstory.",not_certified_unabridged,chapter_inventory_01_63.json
Adi011,Grass-snake prank; Khagama’s curse; release and ahimsa teaching,Complete curse-remission dialogue and the full ahimsa/truth/forbearance/role-specific duty teaching. Do not reduce the teaching to one modern slogan.,not_certified_unabridged,chapter_inventory_01_63.json
Adi012,Ruru asks about Astika; Dundubha vanishes; question goes to father,"All frame-transition wording and the exact promise of later hearing. Main event retained, verse-level audit pending.",not_certified_unabridged,chapter_inventory_01_63.json
Adi013,Preliminary Astika narrative; Jaratkaru ancestors and marriage promise; rescue preview,The source’s first full preliminary summary is distributed across later expansion scenes rather than spoken verbatim here. Need a clearly marked synopsis reading preserving all anticipations and the initial name/asceticism explanations.,not_certified_unabridged,chapter_inventory_01_63.json
Adi014,Kadru/Vinata boons; eggs; premature Aruna; bondage prediction,Exact waiting periods and numeric egg chronology; full Aruna curse/remedy wording and solar-charioteer explanation. Major events retained.,not_certified_unabridged,chapter_inventory_01_63.json
Adi015,Horse wager opens churning question; divine counsel; inserted Madhva churning exposition,"Large commentary span13714-14103 needs complete separately labeled narration: Vishnu’s roles, Vayu/Rudra poison details, gifts, Mohini, Rahu and interpretive explanations. Current commentary scene is only an attributed summary.",not_certified_unabridged,chapter_inventory_01_63.json
Adi016,Mandara/Vasuki/tortoise setup; poison; ecological damage; treasures; Mohini,"Exact dimensions, lifting agency, sea’s requested share, who holds each end of Vasuki, full poison sequence, all damage/restoration verses, emergence order and full treasure inventory; verify main text vs prior commentary lists.",not_certified_unabridged,chapter_inventory_01_63.json
Adi017,Deva amrita drinking; Rahu; devas/asuras battle; Mandara restored,"Detailed battle sequence, named fighters, Narayana/Nara roles, weapons and mountain returns, full Rahu rationale and protection assignment. One scene is insufficient for unabridged battle coverage.",not_certified_unabridged,chapter_inventory_01_63.json
Adi018,Kadru’s demand for serpent deception; curse and Brahma approval,Full explanation for Brahma approving destruction of harmful serpents; Kashyapa’s consolation and Karkotaka’s specific response. Major curse/action retained.,not_certified_unabridged,chapter_inventory_01_63.json
Adi019,Kadru/Vinata cross toward the horse; extended ocean description,"Almost all detailed ocean imagery, inhabitants, sacred associations and descriptive comparisons are summarized. Requires a dedicated narrated landscape passage, not merely a richer image prompt.",not_certified_unabridged,chapter_inventory_01_63.json
Adi020,Wager lost; Vinata enslaved; Garuda hatches; divine praise and radiance reduction,"Complete Garuda hymn, Agni/deva explanation and scale reduction wording; repeated OCR endings around15645/15731 require scan check. Main events retained.",not_certified_unabridged,chapter_inventory_01_63.json
Adi021,Vinata carries Kadru; Garuda carries serpents; heat; Kadru praises Indra,"Full Indra rain hymn and exact travel geography, mother/carrier arrangement and descriptions of serpent distress.",not_certified_unabridged,chapter_inventory_01_63.json
Adi022,Indra sends rain; serpents recover,Full weather imagery and the effect of the rain on the traveling company. Event retained within a combined scene.,not_certified_unabridged,chapter_inventory_01_63.json
Adi023,Island; bondage inquiry; amrita bargain; food instructions; Nishada feeding,"Island description; full Vinata blessing and instructions; exact Nishada episode scale and source commentary. It must be contextualized, not sanitized or dehumanized.",not_certified_unabridged,chapter_inventory_01_63.json
Adi024,Brahmin and Nishada wife released; elephant/tortoise brothers; banyan branch breaks,"Full property-division debate between Vibhavasu/Supratika, numerical animal dimensions, tree dialogue and Garuda naming explanation. Both spouses’ survival and animal identities retained.",not_certified_unabridged,chapter_inventory_01_63.json
Adi025,Valakhilyas protected; branch released; feeding; celestial omens and defenses,"Complete Kashyapa/Valakhilya exchange, chosen mountain-location details, omens, Brihaspati explanation and guard/weapon inventory. Main causal sequence retained.",not_certified_unabridged,chapter_inventory_01_63.json
Adi026,Indra mocks Valakhilyas; their vow; Kashyapa redirects it toward bird king,"Full ritual context, the exact original vow and redirection, Vinata’s approach and all blessing details. Main event retained as explicit flashback.",not_certified_unabridged,chapter_inventory_01_63.json
Adi027,Garuda defeats deva guardians,"Every named defending group, the sequence of attacks and retreats, dust-clearing action and detailed wounds/weapons. Current fight is a condensed action scene.",not_certified_unabridged,chapter_inventory_01_63.json
Adi028,Fire/wheel/serpent guards; amrita; Vishnu boons; Indra’s vajra,"Exact fire-quenching water quantities/forms, wheel mechanics, two serpent guardians’ defeat, all boon wording and commentary on Vishnu/Garuda relationship. Main obstacles retained in order.",not_certified_unabridged,chapter_inventory_01_63.json
Adi029,Garuda/Indra friendship; food boon; return; kusa; split tongues,"Garuda’s full strength explanation, all Indra arrangement dialogue and kusa sanctification details remain condensed. The food boon that serpents become his food is explicitly retained in EP09-S06.",not_certified_unabridged,chapter_inventory_01_63.json
Adi030,Serpent genealogy and names,Full serpent name list is not narrated or transcribed here. Only a few anchors appear. Requires complete checked name/pronunciation table plus a usable full narration reading.,not_certified_unabridged,chapter_inventory_01_63.json
Adi031,"Shesha’s withdrawal, tapas, Brahma boon and earth-bearing role","All named tapas locations, ascetic practices, exact boon conversation and Garuda friendship statement. Main story retained.",not_certified_unabridged,chapter_inventory_01_63.json
Adi032,Vasuki council debates ways to avert sacrifice,"Each proposed plan and objection in original order, including disguise, ritual sabotage and murder suggestions; complete Vasuki responsibility speech. Draft samples rather than lists every plan.",not_certified_unabridged,chapter_inventory_01_63.json
Adi033,Elapatra reports Brahma’s rescue prophecy,Full remembered Brahma dialogue and distinctions between destructive and righteous serpents. Chapter33-35 OCR page order/colophons are interleaved; reconcile scan before assigning narrower verse citations.,not_certified_unabridged,chapter_inventory_01_63.json
Adi034,Vasuki protects sister; devas seek Brahma reassurance,"Full post-churning deva intercession, Brahma confirmation and continued search arrangements. Shared locator range is deliberate because OCR headings/colophons conflict.",not_certified_unabridged,chapter_inventory_01_63.json
Adi035,Parikshit’s hunt; silent Shamika; dead snake; Shringi informed,"The chapter35 body is partly interleaved into the apparent chapter36 range. Need scan-order restoration and full king description, hunting detail and Krisha/Shringi exchange.",not_certified_unabridged,chapter_inventory_01_63.json
Adi036,Shringi’s curse; father condemns excessive punishment,"Full filial anger dialogue, the exact curse formulation, Shamika’s royal-protection reasoning and all duplicated/interleaved OCR blocks. Main ethical disagreement retained.",not_certified_unabridged,chapter_inventory_01_63.json
Adi037,Shamika teaches restraint; Gauramukha warns; king prepares; healer meets Takshaka,Complete teaching on anger/tapas and kingship; exact warning and remorse speech; all guarded-refuge arrangements; healer’s initial motive dialogue. Main sequence retained.,not_certified_unabridged,chapter_inventory_01_63.json
Adi038,Tree test; healer bribed back; fruit-worm entry; Takshaka attacks,"Full tree restoration progression, healer’s lifespan discernment, precise disguise/gift details and king’s sunset speech; all Takshaka dialogue. Main source path is retained without importing Bhagavata’s riverbank setting.",not_certified_unabridged,chapter_inventory_01_63.json
Adi039,Parikshit dies; funeral; Janamejaya crowned; Vapustama marriage,"Full funeral rites, royal succession detail, bride’s father/negotiation and marriage description; these events deserve separate scenes if full detail is required.",not_certified_unabridged,chapter_inventory_01_63.json
Adi040,Detailed Jaratkaru pilgrimage and ancestor predicament,"Full pilgrimage/tapas descriptions, grass/root/mouse allegory and ancestor dialogue; distinguish this expanded return from chapter13 preliminary telling.",not_certified_unabridged,chapter_inventory_01_63.json
Adi041,Jaratkaru agrees; seeks same-named wife; terms announced,"Every search episode, threefold forest announcement if confirmed, ancestor response and maintenance conditions. Same-name and support conditions retained.",not_certified_unabridged,chapter_inventory_01_63.json
Adi042,Marriage; sunset waking; departure; unborn son assurance,"Complete marriage terms, domestic conduct, wife’s internal debate, husband’s claim about sunset, her rescue-purpose plea and final assurance. Source argument is substantially condensed.",not_certified_unabridged,chapter_inventory_01_63.json
Adi043,"Wife tells Vasuki; Astika born, named and educated","Full sister/brother dialogue, pregnancy/naming wording and education/praise details. Check Bhargava-Chyavana lineage teacher instead of identifying ancient Chyavana automatically.",not_certified_unabridged,chapter_inventory_01_63.json
Adi044,Janamejaya asks ministers about father; character and hunting account,"Full account of Parikshit’s governance/virtues, age and hunting event as retold by ministers. Distinguish this second narrative witness frame from the earlier event depiction.",not_certified_unabridged,chapter_inventory_01_63.json
Adi045,Ministers explain curse/death; wood-gatherer witness; king vows vengeance,Complete inquiry including how evidence became known and the king’s reasoning about treatment obstruction. Wood-gatherer revival witness retained; detailed speeches condensed.,not_certified_unabridged,chapter_inventory_01_63.json
Adi046,Sacrifice commissioned; architect predicts interruption; guards; serpents burn,"Full rite preparation, ground/time-reading rationale, initiation clothing/actions, exact entrant restriction and descriptions of serpent victims. Main commissioning-to-harm sequence retained.",not_certified_unabridged,chapter_inventory_01_63.json
Adi047,Ritual officiant names; Vasuki asks sister to send Astika,All hotr/udgatr/adhvaryu/brahman and assembly names are missing as a complete list; need checked naming/pronunciation and full voice passage. Vasuki appeal condensed.,not_certified_unabridged,chapter_inventory_01_63.json
Adi048,Mother explains naga predicament and mission to Astika,"Entire mother/son question-and-answer, lineage/curse recapitulation and assurance to Vasuki. Only the main mission is currently dramatized.",not_certified_unabridged,chapter_inventory_01_63.json
Adi049,"Astika praises sacrifice, king and priests","Full comparison sequence to earlier royal/divine sacrifices, priest qualities and benedictory refrain; a single entry scene cannot count as complete praise coverage.",not_certified_unabridged,chapter_inventory_01_63.json
Adi050,Boon offer; Takshaka/Indra drawn; Astika asks cessation,"Full royal/ritual consultation, every alternative boon offered, the exact command naming Indra and Takshaka, and Astika’s repeated refusal of substitutes.",not_certified_unabridged,chapter_inventory_01_63.json
Adi051,Named serpents destroyed by lineage,"Complete casualty names and counts by Vasuki/Takshaka/Airavata/Kauravya/Dhritarashtra lineages are missing. This is a casualty list, not the list of survivors; source table and spoken memorial reading required.",not_certified_unabridged,chapter_inventory_01_63.json
Adi052,Three stop commands; sacrifice ends; honors; homecoming; serpent-protection boon,"Full reward recipients, Avabhrtha, future Ashvamedha invitation, all snake-protection formulae and conditional consequences. Main ending and three commands retained.",not_certified_unabridged,chapter_inventory_01_63.json
Adi053,Shaunaka requests Bharata; Vyasa delegates narration to Vaishampayana,"Complete reception rites, questions and source-transmission wording. Frame hierarchy is retained but detailed dialogue abbreviated.",not_certified_unabridged,chapter_inventory_01_63.json
Adi054,Concise full Bharata narrative,Every incident in this chapter’s ordered synopsis remains to be expanded as a full source companion reading. The current paragraph is only a high-level overview; it does not satisfy every-story coverage.,not_certified_unabridged,chapter_inventory_01_63.json
Adi055,Bharata praise and benefits of hearing,"Entire phalashruti, contextual reading occasions, promised benefits, comparisons and doctrinal distinctions. OCR repeats a chapter-ending block; distinguish actual source repetition from scan duplication.",not_certified_unabridged,chapter_inventory_01_63.json
Adi056,Puru genealogy from creation through Kuru family; associated commentary,"Full parent/spouse/child chain, kings’ deeds, all alternate names and intermarriages; commentary after26960 before chapter57. Current anchors are inadequate for unabridged genealogy. Preserve this sequence separately from chapter63 variant.",not_certified_unabridged,chapter_inventory_01_63.json
Adi057,Uparichara Vasu; Indra festival; Girika; Adrika/Satyavati; formal marriage; Vyasa birth,Full five-son names and kingdoms; entire Indra festival ritual/phalashruti; full Satyavati previous-birth names; complete marriage-type/dana-authority debate and ritual; all unusual-birth exempla in Parashara’s maternal-respect teaching; exact Vyasa farewell and subsequent Veda division. OCR repeats festival and rebuke blocks. The major source-specific episodes are retained.,not_certified_unabridged,chapter_inventory_01_63.json
Adi058,"Synopsis of Bhishma, Mandavya/Vidura, Pandava/Kaurava and associated births",All birth entries and their divine/curse relations in original order. Current one-scene synopsis does not count as full chapter adaptation; later detailed episodes should not erase this source’s preliminary presentation.,not_certified_unabridged,chapter_inventory_01_63.json
Adi059,Post-Parashurama renewal; order/corruption; Earth’s burden; divine incarnation appeal,"Full social-order passage, repopulation mechanism, entry of oppressive asuric rulers, Earth/Brahma/deva dialogue and Narayana praise. Present caste/role claims as source-era ideology rather than modern production instructions.",not_certified_unabridged,chapter_inventory_01_63.json
Adi060,Devas agree to descend; Daksha daughters and progeny,"All thirteen wives and every child/descendant grouping, twelve Adityas and other named beings. Need verified complete genealogy table and a full readable narration. Selected names only are currently spoken.",not_certified_unabridged,chapter_inventory_01_63.json
Adi061,Rudras; Vasus; rishi and other progeny genealogies,"Every Rudra/Vasu/sage-line entry, spouses, offspring, branches and associated explanations. Eleven Rudra names are voiced but OCR spelling remains unverified; most chapter entries are not yet adapted.",not_certified_unabridged,chapter_inventory_01_63.json
Adi062,"Divine/asuric incarnation mappings to human kings, heroes and women",Complete prior-being to human-identity mapping with amsha/avesha distinctions and every commentary qualifier. Only illustrative entries and major anchors are voiced. Must not collapse multiple amsha relationships into one identity or confuse same-named Ugrasenas/Hardikya.,not_certified_unabridged,chapter_inventory_01_63.json
Adi063,Retrospective Puru genealogy to Dushyanta and Bharata,"All ten Rudrashva sons, every intervening spouse/child relation and exact OCR name forms; reconcile source variants without merging with chapter56. Dushyanta/Lakshana’s Janamejaya must remain distinct from Parikshit’s son.",not_certified_unabridged,chapter_inventory_01_63.json
Adi064,ಕುರುವಂಶದ ಪರಿಚಯ ಮತ್ತು ಯಯಾತಿಯ ಸಂಕ್ಷೇಪ,"A narrated genealogy companion is now integrated. Missing named positions, variant relationships and damaged spellings remain explicitly provisional; see the catalogue appendix. Every lexical gloss and wording of the extended speeches has not been certified.",not_certified_unabridged,chapter_inventory_64_131.json
Adi065,"ಕಚನ ಶಿಷ್ಯತ್ವ, ಮರಣಗಳು ಮತ್ತು ಸಂಜೀವಿನಿ","Long guru-service timescales, individual attack speeches and Shukra's alcohol prohibition are abbreviated. OCR repeats attack/revival paragraphs around1398–1505; do not count duplicates as new attacks.",not_certified_unabridged,chapter_inventory_64_131.json
Adi066,ದೇವಯಾನಿಯ ಪ್ರೀತಿ ಮತ್ತು ಪರಸ್ಪರ ಶಾಪ,"Core refusal, kinship reasoning and curse/transmission condition scripted. Full honorific debate and gods' reception of Kacha remain summarized.",not_certified_unabridged,chapter_inventory_64_131.json
Adi067,ಶರ್ಮಿಷ್ಠೆಯ ಕಲಹ ಮತ್ತು ಯಯಾತಿಯ ರಕ್ಷಣೆ,"Quarrel, right-hand rescue, marriage interpretation and attendant message scripted in summary. Duplicate chapter ending2641/2729 needs print-page comparison; full status-insult exchanges not voiced.",not_certified_unabridged,chapter_inventory_64_131.json
Adi068,ಶುಕ್ರ ಮತ್ತು ದೇವಯಾನಿಯ ಕ್ಷಮಾಚರ್ಚೆ,Father's counsel on anger/forbearance compressed to one scene; individual maxims and Devayani's full replies not separately adapted.,not_certified_unabridged,chapter_inventory_64_131.json
Adi069,ವೃಷಪರ್ವನ ಕ್ಷಮೆ ಮತ್ತು ಶರ್ಮಿಷ್ಠೆಯ ಸೇವೆ,Political stakes and service acceptance retained. Exact entourage count and full king/guru/daughter negotiation not spoken.,not_certified_unabridged,chapter_inventory_64_131.json
Adi070,ದೇವಯಾನಿಯ ವಿವಾಹ,"Second garden encounter, parental consent and prohibition concerning Sharmishtha retained. Detailed marriage/social-order argument condensed.",not_certified_unabridged,chapter_inventory_64_131.json
Adi071,ದೇವಯಾನಿ ಮತ್ತು ಶರ್ಮಿಷ್ಠೆಯ ಸಂತಾನ,"Births and concealed relationship retained. Sharmishtha's full arguments about motherhood, dependence and obligations require expanded dialogue.",not_certified_unabridged,chapter_inventory_64_131.json
Adi072,ಗುಪ್ತ ಸಂಬಂಧದ ಬಹಿರಂಗ ಮತ್ತು ಮುಪ್ಪಿನ ಶಾಪ,"Disclosure through children, complaint, curse and Yayati's defense included in compressed form. His full legal/religious defense and Shukra's rebuttal not individually voiced.",not_certified_unabridged,chapter_inventory_64_131.json
Adi073,ಮಕ್ಕಳ ನಿರಾಕರಣೆ ಮತ್ತು ಪೂರುವಿನ ಒಪ್ಪಿಗೆ,"Four refusals and Puru's assent covered across EP14 ending/EP15 recap. Each son's distinct reason, individual curse and precise grant need full companion reading.",not_certified_unabridged,chapter_inventory_64_131.json
Adi074,ಯಯಾತಿಯ ವೈರಾಗ್ಯ ಮತ್ತು ಪೂರುವಿನ ಪಟ್ಟ,"Youth return, succession objection and forest departure scripted. Desire teaching, long reign descriptions and territorial allocations abbreviated.",not_certified_unabridged,chapter_inventory_64_131.json
Adi075,ಯಯಾತಿಯ ತಪಸ್ಸು ಮತ್ತು ಸ್ವರ್ಗಗತಿಯ ಸಂಕ್ಷೇಪ,Forest austerity and heaven transition retained. Source's own overview and Janamejaya's follow-up not fully dramatized.,not_certified_unabridged,chapter_inventory_64_131.json
Adi076,ಇಂದ್ರನ ಪ್ರಶ್ನೆ ಮತ್ತು ರಾಜನೀತಿ,"All principal maxims in the selected chapter now have spoken paraphrase. Literary wording, some repeated address phrases and literal verse recitation remain in the source companion, not verbatim in narration. Page-image verification outstanding.",not_certified_unabridged,chapter_inventory_64_131.json
Adi077,ಅಹಂಕಾರ ಮತ್ತು ಸ್ವರ್ಗಪತನ,"Existing main scene covers Indra/pride/fall; new scene adds the omitted welcome, identity questions and guest analogy. Chapter now substantively represented; exact verse recitation and OCR verification outstanding.",not_certified_unabridged,chapter_inventory_64_131.json
Adi078,ಅಷ್ಟಕನೊಂದಿಗೆ ಯಯಾತಿಯ ಪರಿಚಯ,"Age/learning exchange, separate Ashtaka counsel, equanimity, source-specific realms/durations, messenger call and smoke-guided arrival now narrated. Extra theological gloss wording is condensed; no verse-by-verse certification.",not_certified_unabridged,chapter_inventory_64_131.json
Adi079,ಮರಣಾನಂತರದ ಗತಿ ಮತ್ತು ಪುನರ್ಜನ್ಮ,"Questions and principal answers about merit exhaustion, earth-as-suffering interpretation, pathways to conception, senses, karma/rebirth, seven gates and four pride-corrupted practices now narrated. Exact descent-duration numbers at6756–6764 unresolved; line-by-line commentary wording is condensed.",not_certified_unabridged,chapter_inventory_64_131.json
Adi080,ಆಶ್ರಮಧರ್ಮ,"Four-stage duties, forest/village paradox, renunciation result, hygiene, common conduct and textual meal counts now narrated. OCR conflicts at7093–7098 and precise interpretation of severe ascetic clauses still require page review; exact verse form not performed.",not_certified_unabridged,chapter_inventory_64_131.json
Adi081,ಅಷ್ಟಕ ಮತ್ತು ಪ್ರತರ್ದನರ ಪುಣ್ಯದಾನ,"Relative ascetic priority, repentance, non-reward-seeking dharma, separate Ashtaka/Pratardana offers and refusals now narrated.7346–7348 penance/body timing and final dharma/artha/kama qualification need print verification; duplicate pages not repeated as new events.",not_certified_unabridged,chapter_inventory_64_131.json
Adi082,"ವಸುಮನಾ, ಶಿಬಿ ಮತ್ತು ಪುನಃ ಸ್ವರ್ಗಗಮನ","Separate Vasumanas grass-sale offer, Shibi/collective offers, five chariots, ritual close, Madhavi arrival and decisive kinship argument, shraddha explanation, joint ascent, Shibi virtues and final truth/gift/phalashruti now narrated. Kutapa wording and enormous gift-number interpretation remain editorial uncertainties; no universal ritual authority claim.",not_certified_unabridged,chapter_inventory_64_131.json
Adi083,ಪೂರುವಂಶಕ್ಕೆ ಮರಳಿಕೆ,"A narrated genealogy companion is now integrated. Missing named positions, variant relationships and damaged spellings remain explicitly provisional; see the catalogue appendix. Every lexical gloss and wording of the extended speeches has not been certified.",not_certified_unabridged,chapter_inventory_64_131.json
Adi084,ದುಷ್ಯಂತನ ರಾಜ್ಯವರ್ಣನೆ,Peace/prosperity summarized as court context. Full ideal-reign claims not individually narrated.,not_certified_unabridged,chapter_inventory_64_131.json
Adi085,ದುಷ್ಯಂತನ ಬೇಟೆ,"Hunt and real animal harm acknowledged non-graphically. Army composition, animal catalogue and hunting episodes condensed.",not_certified_unabridged,chapter_inventory_64_131.json
Adi086,ಕಣ್ವರ ಆಶ್ರಮವರ್ಣನೆ,"Landscape, study, stream and protected atmosphere retained. Full flora/fauna and ritual/learning catalogue not separately scripted.",not_certified_unabridged,chapter_inventory_64_131.json
Adi087,ಶಕುಂತಲೆಯ ಸ್ವಾಗತ ಮತ್ತು ಪರಿಚಯ,"Hospitality, Kanva's absence and adoption explanation scripted. Full conversation and evaluative description abbreviated.",not_certified_unabridged,chapter_inventory_64_131.json
Adi088,ಮೇನಕೆ ಮತ್ತು ವಿಶ್ವಾಮಿತ್ರರಿಂದ ಶಕುಂತಲೆ,"Birth and bird protection retained. Divine scheme, encounter speeches and descriptive verses compressed without sexual imagery.",not_certified_unabridged,chapter_inventory_64_131.json
Adi089,ಗಾಂಧರ್ವವಿವಾಹ ಮತ್ತು ಉತ್ತರಾಧಿಕಾರದ ವಚನ,"Consent, son's succession condition, promise and Kanva approval scripted. Eight marriage types and full classification argument remain companion text.",not_certified_unabridged,chapter_inventory_64_131.json
Adi090,ಶಕುಂತಲೆಯ ನಿರೀಕ್ಷೆ ಮತ್ತು ಸರ್ವದಮನ,"Source's three-year statement, infant/child development and exceptional strength retained. Long counsel by hermitage women, detailed chronology and animal-play catalogue abbreviated; three-year interpretation needs print check.",not_certified_unabridged,chapter_inventory_64_131.json
Adi091,ರಾಜಸಭೆಯಲ್ಲಿ ಶಕುಂತಲೆಯ ನ್ಯಾಯವಾದ,"Arrival/refusal/wife-son-inner-witness argument retained over EP16/17. Every analogy, maxim and extended family-duty proposition not separately voiced. Repeated arrival passages11972/12058 need deduplication review.",not_certified_unabridged,chapter_inventory_64_131.json
Adi092,ಶಕುಂತಲೆಯ ಪ್ರತಿವಾದ ಮತ್ತು ನಿರ್ಗಮನದ ಯತ್ನ,"Source rebuttal and attempted departure scripted. Full ancestry comparison, insults and truth maxims condensed.",not_certified_unabridged,chapter_inventory_64_131.json
Adi093,"ಭರತನ ಸ್ವೀಕಾರ, ರಾಜ್ಯ ಮತ್ತು ವಂಶಸರಣಿ","A narrated genealogy companion is now integrated. Missing named positions, variant relationships and damaged spellings remain explicitly provisional; see the catalogue appendix. Every lexical gloss and wording of the extended speeches has not been certified.",not_certified_unabridged,chapter_inventory_64_131.json
Adi094,"ಮಹಾಭಿಷ, ಗಂಗೆ ಮತ್ತು ವಸುಗಳು","Heavenly incident, human-birth connection and Vasus' request covered. Sacrifice counts and full agreement dialogue abbreviated. Adjacent14400s commentary is a separate layer.",not_certified_unabridged,chapter_inventory_64_131.json
Adi095,"ಪ್ರತೀಪ, ಶಂತನು ಮತ್ತು ಗಂಗೆಯ ಷರತ್ತು","Pratipa relationship interpretation, Shantanu's inherited instruction and condition scripted in combined scene. Full thigh-position symbolism, courtship and reign details need expanded treatment.",not_certified_unabridged,chapter_inventory_64_131.json
Adi096,ಏಳು ಶಿಶುಗಳು ಮತ್ತು ಎಂಟನೆಯ ಮಗನ ರಕ್ಷಣೆ,"Seven losses, Shantanu's intervention and surviving eighth child retained non-graphically. Duplicated ending15713/15781 and intervening commentary heading15720 require printed-page boundary review.",not_certified_unabridged,chapter_inventory_64_131.json
Adi097,ವಸಿಷ್ಠರ ಗೋವಿನ ಅಪಹರಣ ಮತ್ತು ವಸುಶಾಪ,"Dyu's wife/Jitavati motive, Nandini/calf theft, curse, unequal release and Devavrata/Gangadatta identities retained. Full Vasistha genealogy and cow powers summarized.",not_certified_unabridged,chapter_inventory_64_131.json
Adi098,ದೇವವ್ರತನ ವಾಪಸ್ಸು,"River-flow archery, Ganga's presentation and crown-prince status scripted. Shantanu's ideal-reign catalogue and each named teacher's contribution not all voiced.",not_certified_unabridged,chapter_inventory_64_131.json
Adi099,ಸತ್ಯವತಿಯ ಉತ್ತರಾಧಿಕಾರ ಷರತ್ತು ಮತ್ತು ಭೀಷ್ಮವ್ರತ,"Yamuna encounter, four-year interval, succession renunciation and lifelong celibacy separately scripted. Detailed minister consultations and fishing-chief political arguments abbreviated.",not_certified_unabridged,chapter_inventory_64_131.json
Adi100,ಶಂತನು-ಸತ್ಯವತಿಯ ಮಕ್ಕಳು,"Marriage, Chitrangada's namesake opponent and Vichitravirya accession retained. Full battle duration/details and royal rites condensed.",not_certified_unabridged,chapter_inventory_64_131.json
Adi101,ಕಾಶಿ ಕನ್ಯೆಯರ ಹರಣ ಮತ್ತು ಅಂಬೆಯ ನಿರಾಕರಣೆಗಳು,"Three sisters distinguished; removal, Amba's prior choice, permitted departure and Salva refusal scripted. Full multi-king fighting and prolonged Amba/Bhishma/Salva debates not all voiced. Adjacent Madhva commentary19079–19276 is narrated in G18-S10 with rebirth, marriage conflict, Tumburu exchange and Kubera curse; theological reasoning and every quoted argument remain condensed.",not_certified_unabridged,chapter_inventory_64_131.json
Adi102,ಅಂಬೆಯ ಮಾಲೆ ಮತ್ತು ಶಿಖಂಡಿಯ ಗಂಧರ್ವಪ್ರಸಂಗ,"Garland refusal, Panchala doorway, Shikhandi's departure and Gandharva change retained. Full Rchika/Gandharva dialogue and exact name spellings need OCR check. Separate19079–19276 Madhva commentary includes rebirth, marriage conflict, Tumburu exchange and Kubera curse in G18-S10; source-layer distinction retained, full metaphysical reasoning condensed.",not_certified_unabridged,chapter_inventory_64_131.json
Adi103,ವಿಚಿತ್ರವೀರ್ಯನ ಮರಣ ಮತ್ತು ಸತ್ಯವತಿಯ ಬೇಡಿಕೆ,"Both marriages, illness/death without heirs and Bhishma refusal scripted. Full sexual-life description, physicians' efforts and repeated requests condensed.",not_certified_unabridged,chapter_inventory_64_131.json
Adi104,ದೀರ್ಘತಮಸರ ಪೂರ್ವಕಥೆ,"Full principal chain now narrated: Bhishma/Parashurama precedent, Mamata refusal/curse, learned blind sage, first wife/Gautama family burden, angry marital decrees, raft abandonment, Bali rescue, attendant-daughter and11 sons, identity correction, Sudeshna/Anga, Bhishma final advice. Wife-name forms and royal-house sentence at20139–20141 require source-image checking; duplicate20336–20420 is not a second event.",not_certified_unabridged,chapter_inventory_64_131.json
Adi105,ವ್ರತ ಮತ್ತು ವಂಶರಕ್ಷಣೆಯ ಸಂವಾದ,Satyavati's renewed appeal and Bhishma's alternative summarized. Full argument not separate scene. Heading20654 says106 before another105 ending20737: uncertain duplicate/misaligned OCR heading.,not_certified_unabridged,chapter_inventory_64_131.json
Adi106,ಸತ್ಯವತಿಯ ಮೊದಲ ಮಗ ವ್ಯಾಸ,"Earlier parentage, Parashara/Vyasa recollection, summons and preparation condition scripted. Full river-encounter promises and ritual readiness periods condensed.",not_certified_unabridged,chapter_inventory_64_131.json
Adi107,"ಧೃತರಾಷ್ಟ್ರ, ಪಾಂಡು ಮತ್ತು ವಿದುರರ ಜನನ","Three mothers/sons separately identified; fear, substituted attendant, prediction and rites retained. Exact gendered/blame language and all predictions not directly quoted; original narrative causation explicitly attributed.",not_certified_unabridged,chapter_inventory_64_131.json
Adi108,ಮಾಂಡವ್ಯ ಮತ್ತು ಧರ್ಮನ ದಂಡ,"Wrongful arrest, lasting punishment, royal apology, Dharma challenge and Vidura incarnation retained. Detailed torture description omitted from visuals; age wording12 then14 at22320/22346 needs print reconciliation.",not_certified_unabridged,chapter_inventory_64_131.json
Adi109,ರಾಜಕುಮಾರರ ಶಿಕ್ಷಣ ಮತ್ತು ಗಾಂಧಾರಿಯ ವಿವಾಹ,"Three brothers' aptitudes, Pandu kingship, Gandhari blindfold and Shakuni arrival retained. Full prosperity catalogue, succession exclusions and marriage negotiations condensed; source repeats segments around22760.",not_certified_unabridged,chapter_inventory_64_131.json
Adi110,"ಕುಂತಿಯ ಮಂತ್ರ, ಕರ್ಣನ ಜನನ ಮತ್ತು ಮುನ್ನೋಟ","Pritha adoption, Durvasa, reluctance before Surya, river separation, Adhiratha fostering, adult armour gift and one-use Shakti flash-forward scripted. Full dream debate, giving vows and Vikartana etymology not all spoken. Foster mother's name withheld in dialogue pending exact local verification.",not_certified_unabridged,chapter_inventory_64_131.json
Adi111,"ಪಾಂಡುವಿನ ವಿವಾಹ, ಜಯಯಾತ್ರೆ ಮತ್ತು ಕಿಂದಮಶಾಪ","Kunti choice, Madri marriage, campaign, forest supplies, five arrows and curse condition retained. Madra bridewealth custom, campaign rulers/tribute list and full hunting-dharma dispute condensed.",not_certified_unabridged,chapter_inventory_64_131.json
Adi112,ಪಾಂಡುವಿನ ವನಧರ್ಮ ಮತ್ತು ವಿದುರನ ವಿವಾಹ,"Family's chosen forest life and Vidura marriage mentioned. Northern ascent route, sages' warning about inaccessible terrain25079–25138, childlessness counsel and Devaka's daughter's marriage25202–25223 not independently dramatized.",not_certified_unabridged,chapter_inventory_64_131.json
Adi113,ಸಂತಾನದ ಚಿಂತೆ ಮತ್ತು ಭದ್ರೆಯ ಕಥೆ,Pandu-Kunti debate and Vyushitashva/Bhadra tale retained; three Salva/four Madra offspring included. Full ancestor-debt classifications and Bhadra's lament remain condensed.,not_certified_unabridged,chapter_inventory_64_131.json
Adi114,"ಉದ್ದಾಲಕ, ಶ್ವೇತಕೇತು ಮತ್ತು ಮಂತ್ರದ ರಹಸ್ಯ","Custom-change story and Kunti's revealed mantra scripted. Full old-practice taxonomy, prohibitions, exceptions and repeated genealogical examples not all voiced.",not_certified_unabridged,chapter_inventory_64_131.json
Adi115,"ಯುಧಿಷ್ಠಿರ, ಭೀಮ, ಗಾಂಧಾರಿಯ ಕುಂಭಗಳು, ದುರ್ಯೋಧನ","Distinct births, first rock miracle, Gandhari vessels and father's refusal of counsel retained. Full omens, horoscopes and detailed divine speeches condensed. Duryodhana preceding night/Bhima day verified27540–27542.",not_certified_unabridged,chapter_inventory_64_131.json
Adi116,ದುಃಶಲೆಯ ಹೆಚ್ಚುವರಿ ಕುಂಭ,Daughter request and extra vessel distinct from hundred sons; Yuyutsu separate mother clarified. Full Janamejaya question and maternal thought sequence abbreviated.,not_certified_unabridged,chapter_inventory_64_131.json
Adi117,ಕೌರವರ ಹೆಸರುಗಳು ಮತ್ತು ದುಃಶಲೆಯ ವಿವಾಹ,"Hundred Gandhari-son entries narrated and visually compared with printed pages592–595 (PDF624–627). Four readings corrected; four real verse/prose variants retained. Subahu repeats in print, yielding100positions and99distinct names. Yuyutsu and Duhshala distinguished. The hundred-name scan audit is closed; full chapter commentary and lexical nuances remain unaudited.",not_certified_unabridged,chapter_inventory_64_131.json
Adi118,ಅರ್ಜುನನ ಜನನ ಮತ್ತು ದೇವಸಂಭ್ರಮ,"Pandu austerity, Indra birth and prophecy retained. Full celestial attendance lists, music/dance catalogue, predictions and horoscope details not all voiced.",not_certified_unabridged,chapter_inventory_64_131.json
Adi119,ಮಾದ್ರಿಯ ಅವಳಿಗಳು ಮತ್ತು ಮೊದಲ ಶಿಕ್ಷಣ,"Madri request, one invocation/twins, Kunti's limit, Vasudeva gifts and Sharyati's son Shuka instruction retained. Full support-goods catalogue, rituals, weapon list and teacher praise abbreviated. Twins conflict with broad one-year spacing phrase29538 requires review.",not_certified_unabridged,chapter_inventory_64_131.json
Adi120,ಪಾಂಡವರ ಆಯುಷ್ಯ ಮತ್ತು ಭವಿಷ್ಯಕಾಲಸಂಗ್ರಹ,Arrival ages16/15/14/13 and Yudhishthira108-year claim spoken as edition-specific preview. Each residence duration and Krishna/Balarama relative ages remain companion detail; no forced harmonization.,not_certified_unabridged,chapter_inventory_64_131.json
Adi121,ಪಾಂಡು-ಮಾದ್ರಿಯ ಮರಣ ಮತ್ತು ಆಶ್ರಮದ ವಿಧಿಗಳು,"Madri's resistance, Kunti arrival keeping children back, sages' counsel both live, final choice and rites retained. Full laments, competing claims and detailed funeral sequence condensed; no self-immolation spectacle.",not_certified_unabridged,chapter_inventory_64_131.json
Adi122,ಋಷಿಗಳೊಂದಿಗೆ ಪಾಂಡವರ ಆಗಮನ,"Main arrival, kinship presentation and acceptance scripted.30817 earlier heading plus30835–30894 commentary intrusion treated separately; full audience/gifts/ritual reception not all voiced.",not_certified_unabridged,chapter_inventory_64_131.json
Adi123,ನಗರದ ಅಂತ್ಯಕ್ರಿಯೆ,"City rites and collective grief summarized with previous forest rites distinguished. Exact body/relic handling and procession materials need printed-source continuity review, not blindly repeated as second death.",not_certified_unabridged,chapter_inventory_64_131.json
Adi124,ಶ್ರಾದ್ಧ ಮತ್ತು ಮೂರು ಹಿರಿಯ ಸ್ತ್ರೀಯರ ವನಗಮನ,"Rites/donations, Vyasa warning and Satyavati/Ambika/Ambalika departure retained. All ritual items and exact final austerity/death descriptions summarized.",not_certified_unabridged,chapter_inventory_64_131.json
Adi125,"ಆಟ, ಮೊದಲ ದಾಳಿಗಳು ಮತ್ತು ಯುಯುತ್ಸುವಿನ ಎಚ್ಚರಿಕೆ","Rough play, first bound-water attack, separate snakes, warned poison and Vidura discretion retained. Full physical-play catalogue, assailant detail and conspiracy speeches condensed. Do not merge with126.",not_certified_unabridged,chapter_inventory_64_131.json
Adi126,ಎರಡನೆಯ ವಿಷದಾನ ಮತ್ತು ನಾಗಭವನ,"Second feast, poison, bindings, naga bite reversal, Vasuki/Aryaka welcome, eight bowls/eight days, search and return retained. Resort architecture, spike details and full family exchange condensed. Later33193 duplicate ending/preceding commentary kept separate.",not_certified_unabridged,chapter_inventory_64_131.json
Adi127,ಕೃಪ ಮತ್ತು ಕೃಪಿಯ ಜನನ,"Sharadvan origin, twins in reeds, Shantanu care and later teaching retained. Apsara Janapadi episode and precise birth/weapon transmission sequence compressed nonsexually.",not_certified_unabridged,chapter_inventory_64_131.json
Adi128,"ದ್ರೋಣನ ಜನನ, ಕುಟುಂಬ ಮತ್ತು ಪರಶುರಾಮ","Vessel birth, Agniveshya instruction, Drupada friendship, Kripi/Ashwatthama and Parashurama gift/withdrawal knowledge retained. Main text previews appointment then returns to origin; script reorganizes for clarity with explicit frame notes.",not_certified_unabridged,chapter_inventory_64_131.json
Adi129,ದ್ರುಪದನ ಅವಮಾನ ಮತ್ತು ಹಸ್ತಿನಪುರ,Rank-based friendship refusal and refuge with Kripa scripted. Full friendship maxims and offered limited hospitality not all spoken; source continuation before34372 commentary reviewed as paragraph span.,not_certified_unabridged,chapter_inventory_64_131.json
Adi130,ಬಾವಿಯ ಕೌಶಲ ಮತ್ತು ದ್ರೋಣನ ನೇಮಕ,"Ball plus Yudhishthira ring, reed chain vs arrow, Bhishma recognition, milk story, future task promise, Ashwatthama friendship and Karna studentship retained. Detailed second retelling of Drona's past and each student/curriculum list abbreviated.",not_certified_unabridged,chapter_inventory_64_131.json
Adi131,ರಾತ್ರಿಯ ಅಭ್ಯಾಸ ಮತ್ತು ಏಕಲವ್ಯ,"Hand-light gloss, night practice/promise, Ekalavya exclusion/clay teacher, seven arrows, right thumb and lost speed retained.35348–35356 disciple-address following refusal needs text-layer review; full teaching catalogue and exact dialogue not all voiced.",not_certified_unabridged,chapter_inventory_64_131.json
Adi132,"(ದ್ರೋಣರಿಂದ ಅರ್ಜುನನ ಪರೀಕ್ಷೆ, . ಅರ್ಜುನನ ಅತಿಶಯ. ಅರ್ಜುನನಿಂದ ಲಕ್ಷ $ವೇಧ. ಬ್ರಹ್ಮಶಿರಸ್‌ ಅಸ್ಪದ ಪ್ರಾಪ್ತಿ.)","Main narrative and selected explanatory additions drafted. Remaining verification includes each extended speech, ritual detail, named catalogue, prayer line, lexical gloss and commentary proposition. The selective factual review does not establish passage completeness.",not_certified_unabridged,Root_Chapters_132_237.csv
Adi133,"(ಕುಮಾರರಿಂದ ಅಸ್ಪಕೌಶಲ ಪ್ರದರ್ಶನ, ಯುಧಿಷ್ಠಿರ ಪರೀಕ್ಷೆ, ಭೀಮ ದುರ್ಯೋಧನರ ರಂಗ ಪ್ರವೇಶ)","Main narrative and selected explanatory additions drafted. Remaining verification includes each extended speech, ritual detail, named catalogue, prayer line, lexical gloss and commentary proposition. The selective factual review does not establish passage completeness.",not_certified_unabridged,Root_Chapters_132_237.csv
Adi134,"(ಭೀಮದುರ್ಯೋಧನರ ಸಲುವಾಗಿ ಪ್ರೇಕ್ಷಕದೆ ಶೈಧೀಭಾವ, ಅಶಶ್ನಾಮರಿಂದ  ಸಮಾಧಾನ, ಅರ್ಜುನನ ರಂಗಪ್ರವೇಶ ಮತ್ತು ಕೌಶಲ ಪ್ರದರ್ಶನ)","Main narrative and selected explanatory additions drafted. Remaining verification includes each extended speech, ritual detail, named catalogue, prayer line, lexical gloss and commentary proposition. The selective factual review does not establish passage completeness.",not_certified_unabridged,Root_Chapters_132_237.csv
Adi135,"(ಕರ್ಣನ ರಂಗಪ್ರವೇಶ, ಅರ್ಜುನನನ್ನು ಮೀರಿಸಿ ಕೌಶಲ ಪ್ರದರ್ಶನ,   ಕರ್ಣಾರ್ಜುನರ ವಿರೋಧ, ದುರ್ಯೋಧನನಿಂದ ಅಂಗರಾಜ್ಯದಲ್ಲಿ ಕರ್ಣನ ಅಭಿಷೇಕ)","Main narrative and selected explanatory additions drafted. Remaining verification includes each extended speech, ritual detail, named catalogue, prayer line, lexical gloss and commentary proposition. The selective factual review does not establish passage completeness.",not_certified_unabridged,Root_Chapters_132_237.csv
Adi136,"(ಕರ್ಣನ ತಂದೆಯಾದ ಅಧಿರಥನ ರಂಗಪ್ರವೇಶ, ಅವನಿಗೆ ಕರ್ಣನ ನಮಸ್ಕಾರ, ಭೀಮಸೇನನ ಮೂದಲಿಕೆಯ ಮಾತುಗಳು, ರಂಗದಿಂದ ಎಲ್ಲರ ನಿರ್ಗಮನ.)","Main narrative and selected explanatory additions drafted. Remaining verification includes each extended speech, ritual detail, named catalogue, prayer line, lexical gloss and commentary proposition. The selective factual review does not establish passage completeness.",not_certified_unabridged,Root_Chapters_132_237.csv
Adi137,"(ದ್ರೋಣರಿಗೆ ಗುರುದಕ್ಷಿಣದಾನ ಪ್ರಸಂಗ, ದುರ್ಯೋಧನಾದಿಗಳ ಪರಾಜಯ, ಭೀಮಾರ್ಜುನರ ಜಯ, ದ್ರೋಣದ್ರುಪದ ಸಂವಾದ, ದ್ರೋಣರಿಂದ ದ್ರುಪದನ ಅರ್ಧರಾಜ್ಯ ಸ್ವೀಕಾರ.)","Main narrative and selected explanatory additions drafted. Remaining verification includes each extended speech, ritual detail, named catalogue, prayer line, lexical gloss and commentary proposition. The selective factual review does not establish passage completeness.",not_certified_unabridged,Root_Chapters_132_237.csv
Adi138,"(ದ್ರುಪದನಿಂದ ಯಾಜಾನುಯಾಜರ ವರಣ, ಧೃಷ್ಟದ್ಯುಮ್ನ ಮತ್ತು ದ್ರೌಪದಿಯರ ಉತ್ಪತ್ತಿ)","Main narrative and selected explanatory additions drafted. Remaining verification includes each extended speech, ritual detail, named catalogue, prayer line, lexical gloss and commentary proposition. The selective factual review does not establish passage completeness.",not_certified_unabridged,Root_Chapters_132_237.csv
Adi139,(ತಪಸ್ಸು ಮಾಡುತ್ತಿದ್ದ ಪಾಂಚಾಲರಾಜನಾದ ಪೃಷತನಿಗೆ ಮೇನಕೆಯ ದರ್ಶನದಿಂದ ದ್ರುಪದನ ಉತ್ಪತ್ತಿ.),"Main narrative and selected explanatory additions drafted. Remaining verification includes each extended speech, ritual detail, named catalogue, prayer line, lexical gloss and commentary proposition. The selective factual review does not establish passage completeness.",not_certified_unabridged,Root_Chapters_132_237.csv
Adi140,"(ಯುಧಿಷ್ಠಿರನಿಗೆ ಯೌವರಾಜ್ಯಾಭಿಷೇಕ, ಬಲರಾಮನಲ್ಲಿ ಭೀಮಸೇನನ ಗದಾಭ್ಯಾಸ, ದ್ರೋಣರಿಂದ ಅರ್ಜುನನಿಗೆ ಬ್ರಹ್ಮಶಿರ ಅಸ್ಪಪ್ರಾಪ್ತಿ. ಭೀಮಾರ್ಜುನ ವಿಜಯ, ದುರ್ಯೋಧನನ ಅಸೂಯೆ, ಧೃತರಾಷ್ಟ್ರನ ಬುದ್ಧಿಭೇದ)","Main narrative and selected explanatory additions drafted. Remaining verification includes each extended speech, ritual detail, named catalogue, prayer line, lexical gloss and commentary proposition. The selective factual review does not establish passage completeness.",not_certified_unabridged,Root_Chapters_132_237.csv
Adi141,"(ಯುಧಿಷ್ಠಿರನ ಅಭಿಷೇಕವನ್ನು ನೋಡಿ ದುರ್ಯೋಧನನ ಅಸೂಯೆ, ಧೃತರಾಷ್ಟ್ರನ ಜೊತೆಯಲ್ಲಿಸಂವಾದ, ಧೃತರಾಷ್ಟ್ರನ ಚಂಚಲಮನಸ್ಥಿತಿಃ)","Main narrative and selected explanatory additions drafted. Remaining verification includes each extended speech, ritual detail, named catalogue, prayer line, lexical gloss and commentary proposition. The selective factual review does not establish passage completeness.",not_certified_unabridged,Root_Chapters_132_237.csv
Adi142,(ಕಣಿಕ ನೀತಿ),"Main narrative and selected explanatory additions drafted. Remaining verification includes each extended speech, ritual detail, named catalogue, prayer line, lexical gloss and commentary proposition. The selective factual review does not establish passage completeness.",not_certified_unabridged,Root_Chapters_132_237.csv
Adi143,"(ಕಣಿಂಕನ ನೀತಿಯ ಪ್ರಭಾವದಿಂದ ಪಾಂಡವರನ್ನು ವಾರಣಾವತಕ್ಕೆ ಕಳುಹಿಸುವಂತೆ ದುರ್ಯೋಧನನ ಆಗ್ರಹ, ಧೃತರಾಷ್ಟ್ರನ ಲೋಕಾಪವಾದ ಭೀತಿ, ಕೊನೆಗೆ ಪಾಂಡವರಿಗೆ ವಾರಣಾವತಕ್ಕೆ ಹೋಗಲು ಆದೇಶ )","Main narrative and selected explanatory additions drafted. Remaining verification includes each extended speech, ritual detail, named catalogue, prayer line, lexical gloss and commentary proposition. The selective factual review does not establish passage completeness.",not_certified_unabridged,Root_Chapters_132_237.csv
Adi144,"(ದುರ್ಯೋಧನನ ಹರ್ಷ, ವಾರಣಾವತದಲ್ಲಿಅರಗಿನ ಮನೆಯನ್ನು ಕಟ್ಟಲು ಪುರೋಚನನಿಗೆ ಆದೇಶ)","Main narrative and selected explanatory additions drafted. Remaining verification includes each extended speech, ritual detail, named catalogue, prayer line, lexical gloss and commentary proposition. The selective factual review does not establish passage completeness.",not_certified_unabridged,Root_Chapters_132_237.csv
Adi145,"(ವಾರಣಾವತಕ್ಕೆ ಯುಧಿಷ್ಠಿರಾದಿಗಳ ಪ್ರಯಾಣ, ಪೌರರ ಅನುಗಮನ ಮತ್ತು  ಪ್ರತಿನಿವೃತ್ತಿ, ಮ್ಲೇಚ್ಛಭಾಷೆಯಿಂದ ವಿದುರನ ಉಪದೇಶ)","Main narrative and selected explanatory additions drafted. Remaining verification includes each extended speech, ritual detail, named catalogue, prayer line, lexical gloss and commentary proposition. The selective factual review does not establish passage completeness.",not_certified_unabridged,Root_Chapters_132_237.csv
Adi146,"(ವಾರಣಾವತನಿವಾಸಿಗಳಿಂದ ಪಾಂಡವರ ಸತ್ಕಾರ ಮತ್ತು ಸ್ವೀಕಾರ, ಹತ್ತು ದಿನಗಳು ಕಳೆದ ಮೇಲೆ ಜತುಗೃಹಪ್ರವೇಶ, ಭೀಮ ಯುಧಿಷ್ಠಿರರಿಗೆ ಗೃಹದ ಸತ್ಯತೆಯ ಜ್ಞಾನ, ಧರ್ಮರಾಜನ ಉಪದೇಶ)","Main narrative and selected explanatory additions drafted. Remaining verification includes each extended speech, ritual detail, named catalogue, prayer line, lexical gloss and commentary proposition. The selective factual review does not establish passage completeness.",not_certified_unabridged,Root_Chapters_132_237.csv
Adi147,(ವಿದುರನ ಆಪ್ತನಾದ ಖನಕನಿಂದ ಸುರಂಗ ನಿರ್ಮಾಣ),"Main narrative and selected explanatory additions drafted. Remaining verification includes each extended speech, ritual detail, named catalogue, prayer line, lexical gloss and commentary proposition. The selective factual review does not establish passage completeness.",not_certified_unabridged,Root_Chapters_132_237.csv
Adi148,(ಜತುಗೃಹಕ್ಕೆ ಅಗ್ನಿಸ್ಪರ್ಶ ಮಾಡಿ ಪಾಂಡವರ ಪಲಾಯನ),"Main narrative and selected explanatory additions drafted. Remaining verification includes each extended speech, ritual detail, named catalogue, prayer line, lexical gloss and commentary proposition. The selective factual review does not establish passage completeness.",not_certified_unabridged,Root_Chapters_132_237.csv
Adi149,(ವಿದುರನು ಕಳುಹಿಸಿದ ನಾವಿಕನಿಂದ ಪಾಂಡವರ ಗಂಗಾತರಣ ಮತ್ತು ವನಪ್ರವೇಶ),"Main narrative and selected explanatory additions drafted. Remaining verification includes each extended speech, ritual detail, named catalogue, prayer line, lexical gloss and commentary proposition. The selective factual review does not establish passage completeness.",not_certified_unabridged,Root_Chapters_132_237.csv
Adi150,"(ಪ್ರಾತಃಕಾಲದಲ್ಲಿ ಧೃತರಾಷ್ಟ್ರನಿಗೆ ಪಾಂಡವರ ಮರಣದ ವಾರ್ತೆಯ ಹರಣ. ಬಂಧುಗಳಿಂದ ಪಾಂಡವರಿಗೆ ಉದಕ ಕ್ರಿಯ, ಭೀಷ್ಠರ ರೋದನ, ವಿದುರನಿಂದ ಸಾಂತ್ವನ.)","Main narrative and selected explanatory additions drafted. Remaining verification includes each extended speech, ritual detail, named catalogue, prayer line, lexical gloss and commentary proposition. The selective factual review does not establish passage completeness.",not_certified_unabridged,Root_Chapters_132_237.csv
Adi151,"(ದಾಹವನ್ನು ತಿಳಿದು ದುರ್ಯೋಧನಾದಿಗಳ ಹರ್ಷ, ಭೀಷ್ಠ ವಿದುರರಿಗೆ ಸತ್ಯವನ್ನುತಿಳಿದು ಹರ್ಷ, ಕಾಡಿನಲ್ಲಿಭೀಮಸೇನನ ಧಾವನ)","Main narrative and selected explanatory additions drafted. Remaining verification includes each extended speech, ritual detail, named catalogue, prayer line, lexical gloss and commentary proposition. The selective factual review does not establish passage completeness.",not_certified_unabridged,Root_Chapters_132_237.csv
Adi152,"(ತೃಷಾರ್ತರಾದ ತಾಯಿಯನ್ನೂ ಸಹೋದರರನ್ನೂ ಒಂದೆಡೆ ಕೂಡಿಸಿ ಜಲವನ್ನು ತರಲು ಭೀಮನ ಗಮನ, ಭೀಮನು ಜಲವನ್ನು ತರುವ ವೇಳೆಗೆ ಅವರ ನಿದ್ರೆ ಮತ್ತು ಭೀಮನ ವಿಲಾಪ )","Main narrative and selected explanatory additions drafted. Remaining verification includes each extended speech, ritual detail, named catalogue, prayer line, lexical gloss and commentary proposition. The selective factual review does not establish passage completeness.",not_certified_unabridged,Root_Chapters_132_237.csv
Adi153,"(ಪಾಂಡವರು ಮಲಗಿದ್ದಕಡೆಗೆ ಹಿಡಿಂಬೆಯ ಪ್ರವೇಶ, ಭೀಮ ಹಿಡಿಂಬೆಯರ ಸಂವಾದ)","Main narrative and selected explanatory additions drafted. Remaining verification includes each extended speech, ritual detail, named catalogue, prayer line, lexical gloss and commentary proposition. The selective factual review does not establish passage completeness.",not_certified_unabridged,Root_Chapters_132_237.csv
Adi154,(ಹಿಡಂಬಿಯು ವಿಳಂಬ ಮಾಡುತ್ತಿರಲು ಅಲ್ಲಿಗೆ ಹಿಡಿಂಬನ ಆಗಮನ),"Main narrative and selected explanatory additions drafted. Remaining verification includes each extended speech, ritual detail, named catalogue, prayer line, lexical gloss and commentary proposition. The selective factual review does not establish passage completeness.",not_certified_unabridged,Root_Chapters_132_237.csv
Adi155,"(ಭೀಮ ಹಿಡಿಂಬರ ವಿವಾದ, ಅವರ ಯುದ್ಧದ ಪ್ರಾರಂಭ, ಪಾಂಡವರ ಎಚ್ಚರಿಕೆ)","Main narrative and selected explanatory additions drafted. Remaining verification includes each extended speech, ritual detail, named catalogue, prayer line, lexical gloss and commentary proposition. The selective factual review does not establish passage completeness.",not_certified_unabridged,Root_Chapters_132_237.csv
Adi156,"(ಕುಂತಿ ಹಿಡಿಂಬಾ ಸಂವಾದ, ಹಿಡಿಂಬ ಭೀಮ ಯುದ್ದ, ಅರ್ಜುನನನ್ನು  ನಿರಾಕರಿಸಿ ಭೀಮಸೇನನಿಂದ ಹಿಡಿಂಬನ ವಧೆ)","Main narrative and selected explanatory additions drafted. Remaining verification includes each extended speech, ritual detail, named catalogue, prayer line, lexical gloss and commentary proposition. The selective factual review does not establish passage completeness.",not_certified_unabridged,Root_Chapters_132_237.csv
Adi157,"(ಹಿಡಿಂಬೆಯಿಂದ ತನ್ನ ದಿವ್ಯಜ್ಞಾನದ ಆವಿಷ್ಕಾರ, ಭೀಮನು ಅವಳನ್ನು ಸ್ವೀಕರಿಸಲು  ಕುಂತಿಯ ಸಮೃತಿ ಮತ್ತು ಧರ್ಮರಾಜನ ಸಮಯಬಂಧ)","Main narrative and selected explanatory additions drafted. Remaining verification includes each extended speech, ritual detail, named catalogue, prayer line, lexical gloss and commentary proposition. The selective factual review does not establish passage completeness.",not_certified_unabridged,Root_Chapters_132_237.csv
Adi158,"(ಪಾಂಡವರಿಂದ ಶಾಲಿಹೋತ್ತಸರೋವರಪ್ರಾಪ್ತಿ, ಭೀಮಹಿಡಿಂಬಿಯರ ವಿಹಾರ, ವ್ಯಾಸರ ಆಗಮನ ಮತ್ತು ಆಶ್ವಾಸನ)","Main narrative and selected explanatory additions drafted. Remaining verification includes each extended speech, ritual detail, named catalogue, prayer line, lexical gloss and commentary proposition. The selective factual review does not establish passage completeness.",not_certified_unabridged,Root_Chapters_132_237.csv
Adi159,"(ವ್ಯಾಸರ ನಿರ್ಗಮನ, ಶಾಲಿಹೋತ್ರಾಶ್ರಮದಲ್ಲಿ ಪಾಂಡವರ ವಾಸ, ಘಟೋತ್ಸಚನ ಜನನ)","Main narrative and selected explanatory additions drafted. Remaining verification includes each extended speech, ritual detail, named catalogue, prayer line, lexical gloss and commentary proposition. The selective factual review does not establish passage completeness.",not_certified_unabridged,Root_Chapters_132_237.csv
Adi160,"(ಘಟೋತ್ಸಚ ಮತ್ತು ಹಿಡಿಂಬಿಯರ ಗಮನ, ಬ್ರಾಹ್ಮಣ ವೇಷದಿಂದ ಪಾಂಡವರ ಏಕಚಕ್ರನಗರ ಗಮನ, ಮಾರ್ಗದಲ್ಲಿವ್ಯಾಸರ ದರ್ಶನ, ಏಕಚಕ್ರನಗರದಲ್ಲಿ ಬ್ರಾಹ್ಮಣನ ಮನೆಯಲ್ಲಿಅವರನ್ನಿಟ್ಟುವ್ಯಾಸರ ಗಮನ)","Main narrative and selected explanatory additions drafted. Remaining verification includes each extended speech, ritual detail, named catalogue, prayer line, lexical gloss and commentary proposition. The selective factual review does not establish passage completeness.",not_certified_unabridged,Root_Chapters_132_237.csv
Adi161,"(ಪಾಂಡವರ ಭೈಕ್ಷಚರ್ಯೆ, ಪುರವಾಸಿಗಳ ಪ್ರೀತಿ, ಬ್ರಾಹ್ಮಣ ಗೃಹದಲ್ಲಿ ಆರ್ತನಾದ, ಕಾರಣವನ್ನು ತಿಳಿಯಲು ಕುಂತಿಯ ಪ್ರವೇಶ)","Main narrative and selected explanatory additions drafted. Remaining verification includes each extended speech, ritual detail, named catalogue, prayer line, lexical gloss and commentary proposition. The selective factual review does not establish passage completeness.",not_certified_unabridged,Root_Chapters_132_237.csv
Adi162,"(ತನ್ನನ್ನು ಕಳುಹಿಸಿಕೊಡುವಂತೆ ಪತ್ನಿಯ ಒತ್ತಾಯ, ಬ್ರಾಹ್ಮಣನಿಂದ ನಿರಾಕರಣೆ)","Main narrative and selected explanatory additions drafted. Remaining verification includes each extended speech, ritual detail, named catalogue, prayer line, lexical gloss and commentary proposition. The selective factual review does not establish passage completeness.",not_certified_unabridged,Root_Chapters_132_237.csv
Adi163,"(ಕನ್ಯೆಯ ವಚನ, ಬಾಲಕನ ವಚನ, ಕುಂತಿಯ ಪ್ರವೇಶ, ಬ್ರಾಹ್ಮಣನಿಂದ ಬಕವೃತ್ತಾಂತ ಕಥನ)","Main narrative and selected explanatory additions drafted. Remaining verification includes each extended speech, ritual detail, named catalogue, prayer line, lexical gloss and commentary proposition. The selective factual review does not establish passage completeness.",not_certified_unabridged,Root_Chapters_132_237.csv
Adi164,(ತನ್ನ ಒಬ್ಬಪುತ್ರನನ್ನುಕಳುಹಿಸುವುದಾಗಿ ಹೇಳಿ ಬ್ರಾಹ್ಮಣನಿಗೆ ಕುಂತಿಯ ಆಶ್ವಾಸನೆ),"Main narrative and selected explanatory additions drafted. Remaining verification includes each extended speech, ritual detail, named catalogue, prayer line, lexical gloss and commentary proposition. The selective factual review does not establish passage completeness.",not_certified_unabridged,Root_Chapters_132_237.csv
Adi165,"(ಭೀಮನ ಮುಖ ಅರಳಿರುವುದನ್ನುನೋಡಿ ಧರ್ಮರಾಜನ ಶಂಕೆ, ಕುಂತಿಯಿಂದ ಸಮಾಧಾನ, ಬಂಡಿ ಅನ್ನವನ್ನುತೆಗೆದುಕೊಂಡು ಬಕನ ಸಮೀಪಕ್ಕೆ ಹೋಗಿ ಭೀಮನಿಂದ ಭಕ್ಷಣ)","Main narrative and selected explanatory additions drafted. Remaining verification includes each extended speech, ritual detail, named catalogue, prayer line, lexical gloss and commentary proposition. The selective factual review does not establish passage completeness.",not_certified_unabridged,Root_Chapters_132_237.csv
Adi166,(ಭೀಮ ಬಕರ ಯುದ್ಧಮತ್ತು ಬಕವಧೆ ),"Main narrative and selected explanatory additions drafted. Remaining verification includes each extended speech, ritual detail, named catalogue, prayer line, lexical gloss and commentary proposition. The selective factual review does not establish passage completeness.",not_certified_unabridged,Root_Chapters_132_237.csv
Adi167,"(ಶರಣಾಗತರಾದ ಬಕಪರಿವಾರಕ್ಕೆ ಭೀಮನಿಂದ ಅಭಯದಾನ ಮತ್ತು ನಿಯಮ ಬಂಧನ, ಪುನಃ ಕೆಲವು ಕಾಲ ಏಕಚಕ್ರನಗರದಲ್ಲಿವಾಸ )","Main narrative and selected explanatory additions drafted. Remaining verification includes each extended speech, ritual detail, named catalogue, prayer line, lexical gloss and commentary proposition. The selective factual review does not establish passage completeness.",not_certified_unabridged,Root_Chapters_132_237.csv
Adi168,"(ಪಾಂಡವರು ವಾಸವಾಗಿದ್ದಮನೆಗೆ ಒಬ್ಬಬ್ರಾಹ್ಮಣನ ಪ್ರವೇಶ, ದ್ರೌಪದಿಯ ಸ್ವಯಂವರವನ್ನುಪ್ರಸ್ತಾಪಿಸಿ ಅವನಿಂದ ಧೃಷ್ಟದ್ಯುಮ್ನ ದ್ರೌಪದಿಯರ ಜನನ ಕಥನ.)","Main narrative and selected explanatory additions drafted. Remaining verification includes each extended speech, ritual detail, named catalogue, prayer line, lexical gloss and commentary proposition. The selective factual review does not establish passage completeness.",not_certified_unabridged,Root_Chapters_132_237.csv
Adi169,(ಜತುಗೃಹದಲ್ಲಿ ಪಾಂಡವರ ದಾಹವನ್ನು ಕೇಳಿ ದ್ರುಪದನ ವಿಷಾದ ಮತ್ತು ಅರ್ಜುನನ ಬಗ್ಗೆ ಚಿಂತೆ),"Main narrative and selected explanatory additions drafted. Remaining verification includes each extended speech, ritual detail, named catalogue, prayer line, lexical gloss and commentary proposition. The selective factual review does not establish passage completeness.",not_certified_unabridged,Root_Chapters_132_237.csv
Adi170,(ಬ್ರಾಹ್ಮಣನಿಂದ ಪಾಂಡವರಿಗೆ ದ್ರುಪದನ ಪುರೋಹಿತರ ಸಮಾಧಾನ ವಚನಗಳ ಕಥನ. ಮತ್ತು ಸಯಂವರ ಘೋಷಣೆಯ ಸೂಚನೆಯ ಕಥನ.),"Main narrative and selected explanatory additions drafted. Remaining verification includes each extended speech, ritual detail, named catalogue, prayer line, lexical gloss and commentary proposition. The selective factual review does not establish passage completeness.",not_certified_unabridged,Root_Chapters_132_237.csv
Adi171,(ಬ್ರಾಹ್ಮಣರ ಜೊತೆಯಲ್ಲಿಪಾಂಚಾಲನಗರವನ್ನುಕುರಿತು ಪಾಂಡವರ ಗಮನ. ವ್ಯಾಸರ ಆಶ್ವಾಸನ ಮತ್ತು ಬ್ರಾಹ್ಮಣರ ಸಂವಾದ),"Main narrative and selected explanatory additions drafted. Remaining verification includes each extended speech, ritual detail, named catalogue, prayer line, lexical gloss and commentary proposition. The selective factual review does not establish passage completeness.",not_certified_unabridged,Root_Chapters_132_237.csv
Adi172,"(ಅರ್ಧರಾತ್ರಿಯಲ್ಲಿ ಪಾಂಡವರ ಗಂಗಾಪ್ರಾಪ್ತಿ. ಚಿತ್ರರಥಗಂಧರ್ವನ ಜೊತೆಯಲ್ಲಿಅರ್ಜುನನ ಯುದ್ಧ, ಚಿತ್ರರಥನ ಪರಾಜಯ. ಆಗ್ನೇಯಾಸ್ವವನ್ನು ಕೊಟ್ಟು ಗಂಧರ್ವನಿಂದ ಅರ್ಜುನನ ಗಾಂಧರ್ವಾಸ್ತಗ್ರಹಣ)","Main narrative and selected explanatory additions drafted. Remaining verification includes each extended speech, ritual detail, named catalogue, prayer line, lexical gloss and commentary proposition. The selective factual review does not establish passage completeness.",not_certified_unabridged,Root_Chapters_132_237.csv
Adi173,(ಬ್ರಾಹ್ಮಣ ಪುರಸ್ಕಾರವಿಲ್ಲದಿರುವುದು ಧರ್ಷಣಕ್ಕೆ ಕಾರಣ ಎಂದು ಹೇಳಿ ಪುರೋಹಿತರನ್ನುಸಂಪಾದಿಸಲು ಗಂಧರ್ವನಿಂದ ಸೂಚನೆ.),"Main narrative and selected explanatory additions drafted. Remaining verification includes each extended speech, ritual detail, named catalogue, prayer line, lexical gloss and commentary proposition. The selective factual review does not establish passage completeness.",not_certified_unabridged,Root_Chapters_132_237.csv
Adi174,"(ತಾಪತ್ಯೋಪಾಖ್ಯಾನ, ತಪತೀ ಮತ್ತು ಸಂವರಣರ ಸಮಾಗಮ. ಸಂವರಣನ ವಚನಗಳು, ತಪತಿಯ ಅಂತರ್ಧಾನ.)","Main narrative and selected explanatory additions drafted. Remaining verification includes each extended speech, ritual detail, named catalogue, prayer line, lexical gloss and commentary proposition. The selective factual review does not establish passage completeness.",not_certified_unabridged,Root_Chapters_132_237.csv
Adi175,(ಭೂಮಿಯ ಮೇಲೆ ಬಿದ್ದ ಸಂವರಣನ ಬಳಿಗೆ ತಪತಿಯ ಆಗಮನ ಮತ್ತು ಅವರ ಸಂವಾದ),"Main narrative and selected explanatory additions drafted. Remaining verification includes each extended speech, ritual detail, named catalogue, prayer line, lexical gloss and commentary proposition. The selective factual review does not establish passage completeness.",not_certified_unabridged,Root_Chapters_132_237.csv
Adi176,"(ತಪತಿಯ ಅಂತರ್ಧಾನ, ಸಂವರಣನ ವಿಲಾಪ ಮತ್ತು ಮೂರ್ಛೆ, ಮಂತ್ರಿಯಿಂದ ಸಮಾಧಾನ, ಸಂವರಣನ ತಪಸ್ಸು, ವಸಿಷ್ಠರ ಆಗಮನ)","Main narrative and selected explanatory additions drafted. Remaining verification includes each extended speech, ritual detail, named catalogue, prayer line, lexical gloss and commentary proposition. The selective factual review does not establish passage completeness.",not_certified_unabridged,Root_Chapters_132_237.csv
Adi177,"(ಸೂರ್ಯನಿಂದ ತಪತಿಯನ್ನು ತಂದು ಸಂವರಣನ ಜೊತೆಯಲ್ಲಿ ವಿವಾಹ. ರಾಜನು ವನದಲ್ಲಿಯೇ ವಿಹರಿಸುತ್ತಿರಲು ರಾಜ್ಯದಲ್ಲಿ ಅನಾವೃಷ್ಟಿ. ವಸಿಷ್ಠರಿಂದ ರಾಜನ ಆನಯನ, ಸುಭಿಕ್ಷೆ.)","Main narrative and selected explanatory additions drafted. Remaining verification includes each extended speech, ritual detail, named catalogue, prayer line, lexical gloss and commentary proposition. The selective factual review does not establish passage completeness.",not_certified_unabridged,Root_Chapters_132_237.csv
Adi178,"(ಗಂಧರ್ವನಿಂದ ವಿಶ್ವಾಮಿತ್ರೋಪಾಖ್ಯಾನ ಕಥನ. ವಸಿಷ್ಠ ವಿಶ್ವಾಮಿತ್ರರ ವಿರೋಧ, ವಿಶ್ವಾಮಿತ್ರರ ಪರಾಜಯ, ತಪಸಿನಲ್ಲಿನಿಷ್ಠೆ.)","Main narrative and selected explanatory additions drafted. Remaining verification includes each extended speech, ritual detail, named catalogue, prayer line, lexical gloss and commentary proposition. The selective factual review does not establish passage completeness.",not_certified_unabridged,Root_Chapters_132_237.csv
Adi179,"(ವಸಿಷ್ಠ ವಿಶ್ವಾಮಿತ್ರರ ವಿರೋಧದ ವಿಸ್ತಾರ, ಕಲ್ಮಾಷಪಾದನ ಕಥೆ, ರಾಕ್ಟಸಾವಿಷ್ಣನಾದ ಕಲ್ಲಾಷಪಾದನಿಂದ ವಸಿಷ್ಠರ ಎಲ್ಲಾಮಕ್ಕಳ ಭಕ್ಷಣ. ಆತ್ಮಹತ್ಯೆಯನ್ನು ಮಾಡಿಕೊಳ್ಳಲು ವಸಿಷ್ಠರ ವಿಫಲ ಪ್ರಯತ್ನಗಳು.)","Main narrative and selected explanatory additions drafted. Remaining verification includes each extended speech, ritual detail, named catalogue, prayer line, lexical gloss and commentary proposition. The selective factual review does not establish passage completeness.",not_certified_unabridged,Root_Chapters_132_237.csv
Adi180,(ಪುನಃ ಆತ್ಮಹತ್ಯೆಗೆ ವಸಿಷ್ಠರ ವಿಫಲ ಪ್ರಯತ್ನಗಳು. ಅದೃಶ್ಯಂತಿಯ ಜೊತೆಯಲ್ಲಿ ಸಂವಾದ. ಆಶ್ರಮಕ್ಕೆ ಪ್ರತಿನಿವೃತ್ತಿ. ಕಲ್ಲಾಷಪಾದನನ್ನು ರಾಕ್ಟಸನಿಂದ ವಿಮೋಚನೆಗೊಳಿಸಿ ಮದಯಂತಿಯಲ್ಲಿಪುತ್ರೋತ್ಟಾದನೆ),"Main narrative and selected explanatory additions drafted. Remaining verification includes each extended speech, ritual detail, named catalogue, prayer line, lexical gloss and commentary proposition. The selective factual review does not establish passage completeness.",not_certified_unabridged,Root_Chapters_132_237.csv
Adi181,(ಆಶ್ರಮದಲ್ಲಿ ಪರಾಶರರ ಜನನ. ವಸಿಷ್ಠರಿಂದ ಅವರ ಸಾಂತ್ವನ ಕಾರ್ತವೀರ್ಯನ ವಂಶಸ್ಥರಿಂದ ಭೃಗುಕುಲದ ವಧೆ. ಔರ್ವರ ಜನ್ಮ. ಮತ್ತು ಕ್ಷತ್ರಿಯರ ಅಂಧತ್ವ .),"Main narrative and selected explanatory additions drafted. Remaining verification includes each extended speech, ritual detail, named catalogue, prayer line, lexical gloss and commentary proposition. The selective factual review does not establish passage completeness.",not_certified_unabridged,Root_Chapters_132_237.csv
Adi182,"(ಔರ್ವರ ಅನುಗ್ರಹದಿಂದ ಕ್ಷತ್ರಿಯರಿಗೆ ದೃಷ್ಟಿಪ್ರಾಪ್ತಿ. ಲೋಕವಿನಾಶಕ್ಕಾಗಿ ಔರ್ವರ ತಪಸ್ಸು. ಪಿತ್ಛಗಳ ಮಾತಿನಂತೆ ತಪಸ್ಸನ್ನುನಿಲ್ಲಿಸಿ, ಸಮುದ್ರದಲ್ಲಿಕ್ರೋಧಾಗ್ನಿಯ ವಿಸರ್ಜನೆ. ಪರಾಶರರು ಮಾಡಿದ ರಾಕ್ಷಸ ಸತ್ರ.)","Main narrative and selected explanatory additions drafted. Remaining verification includes each extended speech, ritual detail, named catalogue, prayer line, lexical gloss and commentary proposition. The selective factual review does not establish passage completeness.",not_certified_unabridged,Root_Chapters_132_237.csv
Adi183,(ಸೌದಾಸನು ತನ್ನ ಭಾರ್ಯೆಯಲ್ಲಿವಸಿಷ್ಠರನ್ನು ನಿಯೋಜಿಸಲು ಬ್ರಾಹ್ಮಣಿಯ ಶಾಪ ಮೊದಲಾದ ವೃತ್ತಾಂತ ಕಥನ.),"Main narrative and selected explanatory additions drafted. Remaining verification includes each extended speech, ritual detail, named catalogue, prayer line, lexical gloss and commentary proposition. The selective factual review does not establish passage completeness.",not_certified_unabridged,Root_Chapters_132_237.csv
Adi184,"(ಗಂಧರ್ವವಚನದಂತೆ ಪಾಂಡವರಿಂದ ಧೌಮ್ಯರ ವರಣ, ಪಾಂಡವರ ಮತ್ತು ಧೌಮ್ಯರ ಹರ್ಷ. ಜೊತೆಯಲ್ಲಿಪಾಂಚಾಲದೇಶಕ್ಕೆ ಗಮನ.)","Main narrative and selected explanatory additions drafted. Remaining verification includes each extended speech, ritual detail, named catalogue, prayer line, lexical gloss and commentary proposition. The selective factual review does not establish passage completeness.",not_certified_unabridged,Root_Chapters_132_237.csv
Adi185,(ಸ್ವಯಂವರಕ್ಕಾಗಿ ಪಾಂಡವರ ಮತ್ತು ಉಳಿದ ರಾಜರ ದ್ರುಪದಪುರಪ್ರವೇಶ. ಧೃಷ್ಟದ್ಯುಮ್ನನಿಂದ ಸ್ವಯಂವರದ ಘೋಷಣೆ.),"Main narrative and selected explanatory additions drafted. Remaining verification includes each extended speech, ritual detail, named catalogue, prayer line, lexical gloss and commentary proposition. The selective factual review does not establish passage completeness.",not_certified_unabridged,Root_Chapters_132_237.csv
Adi186,"(ಧೃಷ್ಟದ್ಯುಮ್ನನಿಂದ ತಂಗಿಗೆ ಬಂದ ರಾಜರ ಪರಿಚಯ, ಸ್ಪರ್ಧೆಯಿಂದ ಲಕ್ಷ 6ವೇಧವನ್ನು ಮಾಡಲು ಪ್ರಯತ್ನಿಸಿದ ರಾಜರ ವೈಫಲ್ಯ, ಪಾಂಡವರನ್ನು ನೋಡಿ ಕೃಷ್ಣನ ಹರ್ಷ, ಅರ್ಜುನನ ಧನುಸಮೀಪ ಗಮನ)","Main narrative and selected explanatory additions drafted. Remaining verification includes each extended speech, ritual detail, named catalogue, prayer line, lexical gloss and commentary proposition. The selective factual review does not establish passage completeness.",not_certified_unabridged,Root_Chapters_132_237.csv
Adi187,"(ಬ್ರಾಹ್ಮಣರು ಅನೇಕ ರೀತಿಯಲ್ಲಿ ಮಾತನಾಡುತ್ತಿರಲು ಅರ್ಜುನನಿಂದ ಲಕ್ಷ್ಯವೇಧ, ಬ್ರಾಹ್ಮಣರ ಹರ್ಷ, ದ್ರೌಪದಿಯಿಂದ ಮಾಲಾರ್ಪಣೆ)","Main narrative and selected explanatory additions drafted. Remaining verification includes each extended speech, ritual detail, named catalogue, prayer line, lexical gloss and commentary proposition. The selective factual review does not establish passage completeness.",not_certified_unabridged,Root_Chapters_132_237.csv
Adi188,"(ರಾಜರ ಕ್ಲೋಭೆ, ದ್ರುಪದನನ್ನು ಕೊಲ್ಲಲು ಪ್ರಯತ್ನ. ಭೀಮಸೇನನ ಸ್ಥೈರ್ಯ, ಕೃಷ್ಣನಿಂದ ಬಲರಾಮನಿಗೆ ಪಾಂಡವರ ಪ್ರತ್ಯೇಕ ಪರಿಚಯ.)","Main narrative and selected explanatory additions drafted. Remaining verification includes each extended speech, ritual detail, named catalogue, prayer line, lexical gloss and commentary proposition. The selective factual review does not establish passage completeness.",not_certified_unabridged,Root_Chapters_132_237.csv
Adi189,"(ಕರ್ಣಾರ್ಜುನರ, ಭೀಮಶಲ್ಯರ, ಧರ್ಮರಾಜ ಸುಯೋಧನರ, ದ್ವಂದ್ವ ಯುದ್ಧ, ಕರ್ಣಾದಿಗಳ ಪರಾಜಯ, ಪಶ್ಚಾತ್‌ನಿವೃತ್ತಿ, ಭೀಮಾರ್ಜುನರಿಂದ ದ್ರೌಪದಿಯನ್ನುಕರೆದುಕೊಂಡು ಕುಂತಿಯ ಸಮೀಪಗಮನ)","Main narrative and selected explanatory additions drafted. Remaining verification includes each extended speech, ritual detail, named catalogue, prayer line, lexical gloss and commentary proposition. The selective factual review does not establish passage completeness.",not_certified_unabridged,Root_Chapters_132_237.csv
Adi190,"(ಭೀಮಾರ್ಜುನರಿಂದ ಕುಂತಿಗೆ ದ್ರೌಪದಿಯ ನಿವೇದನೆ, ಕುಂತಿಯ ವಾಕ್ಯ, ಪಾಂಡವರ ದಿಗ್ಮಮೆ. ಐವರಿಗೂ ಪತ್ನಿಯೆಂಬ ಯುಧಿಷ್ಠಿರನ ನಿಶ್ಚಯ. ಕೃಷ್ಣಬಲರಾಮರ ಆಗಮನ ಮತ್ತು ಕುಶಲ ಪ್ರಶ್ನೆ.)","Main narrative and selected explanatory additions drafted. Remaining verification includes each extended speech, ritual detail, named catalogue, prayer line, lexical gloss and commentary proposition. The selective factual review does not establish passage completeness.",not_certified_unabridged,Root_Chapters_132_237.csv
Adi191,"(ಧೃಷ್ಟದ್ಯುಮ್ನನಿಂದ ದ್ರೌಪದಿಯನ್ನು ಹಿಂಬಾಲಿಸಿ ಪಾಂಡವರ ಪರೀಕ್ಷಣ, ದ್ರುಪದನ ಬಳಿಗೆ ಪುನರಾಗಮನ)","Main narrative and selected explanatory additions drafted. Remaining verification includes each extended speech, ritual detail, named catalogue, prayer line, lexical gloss and commentary proposition. The selective factual review does not establish passage completeness.",not_certified_unabridged,Root_Chapters_132_237.csv
Adi192,"(ದೃಷ್ಟದ್ಯುಮನಿಂದ ರಾತ್ರಿಯ ವೃತ್ತಾಂತದ ಕಥನ, ದ್ರುಪದನಿಂದ ಧರ್ಮರಾಜನ ಬಳಿಗೆ ಪುರೋಹಿತನ ಪ್ರೇಷಣ, ಧರ್ಮರಾಜ ಮತ್ತು ಪುರೋಹಿತನ ಸಂವಾದ)","Main narrative and selected explanatory additions drafted. Remaining verification includes each extended speech, ritual detail, named catalogue, prayer line, lexical gloss and commentary proposition. The selective factual review does not establish passage completeness.",not_certified_unabridged,Root_Chapters_132_237.csv
Adi193,(ದ್ರುಪದನಿಂದ ಪಾಂಡವರ ಪರೀಕ್ಷೆ ಅವರು ಕ್ಚತ್ರಿಯರೆಂದು ನಿರ್ಧಾರ),"Main narrative and selected explanatory additions drafted. Remaining verification includes each extended speech, ritual detail, named catalogue, prayer line, lexical gloss and commentary proposition. The selective factual review does not establish passage completeness.",not_certified_unabridged,Root_Chapters_132_237.csv
Adi194,"(ಧರ್ಮರಾಜನಿಂದ ತಾವು ಪಾಂಡುಪುತ್ರರೆಂದು ಕಥನ, ದ್ರುಪದನ ಹರ್ಷ, ಐದು ಜನರಿಗೆ ದ್ರೌಪದಿಯನ್ನು ಕೊಡಲು ಅಸಂತೋಷ)","Main narrative and selected explanatory additions drafted. Remaining verification includes each extended speech, ritual detail, named catalogue, prayer line, lexical gloss and commentary proposition. The selective factual review does not establish passage completeness.",not_certified_unabridged,Root_Chapters_132_237.csv
Adi195,"(ವ್ಯಾಸರನ್ನು ಕುರಿತು ದ್ರುಪದನ ಪ್ರಶ್ನೆ ಧರ್ಮರಾಜ ಮತ್ತು ಕುಂತಿಯ ವಚನಗಳು, ವ್ಯಾಸರಿಂದ ದ್ರುಪದನಿಗೆ ಏಕಾಂತದಲ್ಲಿ ಉಪದೇಶ)","Main narrative and selected explanatory additions drafted. Remaining verification includes each extended speech, ritual detail, named catalogue, prayer line, lexical gloss and commentary proposition. The selective factual review does not establish passage completeness.",not_certified_unabridged,Root_Chapters_132_237.csv
Adi196,(ವ್ಯಾಸರಿಂದ ಪಂಚಕನ್ಯೋಪಾಖ್ಯಾನ ಪ್ರಾರಂಭ. ಅದರಲ್ಲಿ ನಾಳಾಯನಿಯ ಜನ್ಮ. ಅನಂತರ ಪತಿಸೇವೆಯಿಂದ ನಾಳಾಯನಿಯ ವರಸ್ವೀಕಾರ. ಅನಂತರ ಇಂದ್ರಸೇನೆಯ ಜನ್ಮ. ರುದ್ರದೇವರಿಂದ ಪಂಚಪತ್ನೀತ್ವವರಸ್ವೀಕಾರ.),"Main narrative and selected explanatory additions drafted. Remaining verification includes each extended speech, ritual detail, named catalogue, prayer line, lexical gloss and commentary proposition. The selective factual review does not establish passage completeness.",not_certified_unabridged,Root_Chapters_132_237.csv
Adi197,"(ಪಂಚೇಂದ್ರೋಪಾಖ್ಯಾನ - ದೇವತೆಗಳ ಸತ್ರದಲ್ಲಿ ಬ್ರಹ್ಮದೇವರ ವಾಕ್ಯವನ್ನು ಕೇಳಿ ದೇವತೆಗಳಿಂದ ಗಂಗಾಸಮೀಪ ಗಮನ, ಅಲ್ಲಿ ಅಳುತ್ತಿರುವ ವನಿತೆಯ ದರ್ಶನ, ಅವಳನ್ನು ಕರೆದುಕೊಂಡು ರುದ್ರಸಮೀಪಕ್ಕೆ ಗಮನ, ರುದ್ರ ಮತ್ತು ಇಂದ್ರರ ಸಂವಾದ, ರುದ್ರನಿಂದ ಇಂದ್ರನ ನಿಂದೆ, ವ್ಯಾಸರಿಂದ ದ್ರುಪದನಿಗೆ ದಿವ್ಯದೃಷ್ಟಿಯನ್ನು ಕೊಟ್ಟು ಪಂಚೇಂದ್ರರ ಮತ್ತು ಅವರ ಸಮೀಪದಲ್ಲಿ ದ್ರೌಪದಿಯ ದರ್ಶನ, ದ್ರುಪದನ ಸಮಾಧಾನ ಮತ್ತು ಹರ್ಷ)","Main narrative and selected explanatory additions drafted. Remaining verification includes each extended speech, ritual detail, named catalogue, prayer line, lexical gloss and commentary proposition. The selective factual review does not establish passage completeness.",not_certified_unabridged,Root_Chapters_132_237.csv
Adi198,"(ವ್ಯಾಸರಿಂದ ದ್ರೌಪದಿಯ ದೇವತಾಂಶತ್ವಸಮರ್ಥನೆ. ದ್ರುಪದನಿಂದ ವ್ಯಾಸರ ಅಭಿಪ್ರಾಯದ ಅಂಗೀಕಾರ, ವಿವಾಹ, ಉಡುಗೊರೆಗಳು ಮತ್ತು ಎಲ್ಲರ ಹರ್ಷ.)","Main narrative and selected explanatory additions drafted. Remaining verification includes each extended speech, ritual detail, named catalogue, prayer line, lexical gloss and commentary proposition. The selective factual review does not establish passage completeness.",not_certified_unabridged,Root_Chapters_132_237.csv
Adi199,(ದ್ರೌಪದಿಗೆ ಕುಂತಿಯ ಆಶೀರ್ವಾದ. ಕೃಷ್ಣನು ಕಳುಹಿಸಿದ ಉಡುಗೊರೆಗಳು.),"Main narrative and selected explanatory additions drafted. Remaining verification includes each extended speech, ritual detail, named catalogue, prayer line, lexical gloss and commentary proposition. The selective factual review does not establish passage completeness.",not_certified_unabridged,Root_Chapters_132_237.csv
Adi200,"(ಚಾರರಿಂದ ಪಾಂಡವರು ದ್ರೌಪದಿಯನ್ನುಗೆದ್ದರೆಂದು ಸರ್ವತ್ರ ಪ್ರಚಾರ. ಕೆಲವು ರಾಜರ ಹರ್ಷ, ದುರ್ಯೋಧನಾದಿಗಳ ಅಸೂಯೆ, ಶಕುನಿಯ ದುರ್ನೀತಿ ಮತ್ತು ಭೂರಿಶ್ರವನ ಹಿತವಚನ)","Main narrative and selected explanatory additions drafted. Remaining verification includes each extended speech, ritual detail, named catalogue, prayer line, lexical gloss and commentary proposition. The selective factual review does not establish passage completeness.",not_certified_unabridged,Root_Chapters_132_237.csv
Adi201,"(ಅಭಿಯಾನ ಮಾಡಲು ಕರ್ಣನ ಆಗ್ರಹ, ಅಭಿಯಾನ. ದುರ್ಯೋಧನಾದಿಗಳ ಪರಾಜಯ, ಪ್ರತಿನಿವೃತ್ತಿ, ಕೃಷ್ಣನಿಂದ ಚತುರಂಗಬಲ ಪ್ರೇಷಣ.)","Main narrative and selected explanatory additions drafted. Remaining verification includes each extended speech, ritual detail, named catalogue, prayer line, lexical gloss and commentary proposition. The selective factual review does not establish passage completeness.",not_certified_unabridged,Root_Chapters_132_237.csv
Adi202,"(ಸ್ವಯಂವರದಿಂದ ಹಿಂದಿರುಗಿದ ದುರ್ಯೋಧನಾದಿಗಳ ವಿಷಾದ, ವಿದುರನಿಂದ ಧೃತರಾಷ್ಟ್ರನಿಗೆ ವೃತ್ತಾಂತ ಕಥನ, ದುರ್ಯೋಧನಾದಿಗಳಿಂದ ದುರ್ಮಂತ್ರಣ.)","Main narrative and selected explanatory additions drafted. Remaining verification includes each extended speech, ritual detail, named catalogue, prayer line, lexical gloss and commentary proposition. The selective factual review does not establish passage completeness.",not_certified_unabridged,Root_Chapters_132_237.csv
Adi203,"(ಕರ್ಣನ ಸಲಹೆ, ವಿಕ್ರಮವನ್ನು ಮಾಡಲು ಉಪದೇಶ, ಧೃತರಾಷ್ಟ ಸಂದಿಗ್ಧ ಮನಸ್ಥಿತಿ)","Main narrative and selected explanatory additions drafted. Remaining verification includes each extended speech, ritual detail, named catalogue, prayer line, lexical gloss and commentary proposition. The selective factual review does not establish passage completeness.",not_certified_unabridged,Root_Chapters_132_237.csv
Adi204,"(ಮಂತ್ರಿಗಳ ಎದುರಿನಲ್ಲಿದುರ್ಯೋಧನನಿಗೆ ಭೀಷ್ಠರ ಹಿತವಚನ, ಪಾಂಡವರಿಗೆ ಅರ್ಧರಾಜ್ಯವನ್ನುಕೊಡಲು ನಿರ್ಬಂಧ)","Main narrative and selected explanatory additions drafted. Remaining verification includes each extended speech, ritual detail, named catalogue, prayer line, lexical gloss and commentary proposition. The selective factual review does not establish passage completeness.",not_certified_unabridged,Root_Chapters_132_237.csv
Adi205,(ದ್ರೋಣರ ಹಿತವಚನ ಮತ್ತು ಕರ್ಣನ ವಿರೋಧ),"Main narrative and selected explanatory additions drafted. Remaining verification includes each extended speech, ritual detail, named catalogue, prayer line, lexical gloss and commentary proposition. The selective factual review does not establish passage completeness.",not_certified_unabridged,Root_Chapters_132_237.csv
Adi206,(ವಿದುರನ ಹಿತವಚನ),"Main narrative and selected explanatory additions drafted. Remaining verification includes each extended speech, ritual detail, named catalogue, prayer line, lexical gloss and commentary proposition. The selective factual review does not establish passage completeness.",not_certified_unabridged,Root_Chapters_132_237.csv
Adi207,(ಪಾಂಡವರನ್ನು ತರಲು ಪಾಂಚಾಲದೇಶಕ್ಕೆ ವಿದುರನ ಪ್ರಯಾಣ. ಅಲ್ಲಿಅವನ ಮಧುರವಚನಗಳು),"Main narrative and selected explanatory additions drafted. Remaining verification includes each extended speech, ritual detail, named catalogue, prayer line, lexical gloss and commentary proposition. The selective factual review does not establish passage completeness.",not_certified_unabridged,Root_Chapters_132_237.csv
Adi208,"(ಹಸ್ತಿನಪುರಕ್ಕೆ ಪಾಂಡವರ ಆಗಮನ, ಪೌರರ ಹರ್ಷ.)","Main narrative and selected explanatory additions drafted. Remaining verification includes each extended speech, ritual detail, named catalogue, prayer line, lexical gloss and commentary proposition. The selective factual review does not establish passage completeness.",not_certified_unabridged,Root_Chapters_132_237.csv
Adi209,"(ಧೃತರಾಷ್ಟ್ರನಿಂದ ಧರ್ಮರಾಜನಿಗೆ ಅಭಿಷೇಕ, ಖಾಂಡವಪ್ಪಸ್ಥಕ್ಕೆ ಹೋಗಲು ಆದೇಶ, ವೇದವ್ಯಾಸರ ಮತ್ತು ಯಾದವಕೃಷ್ಣನ ಜೊತೆಯಲ್ಲಿ ಖಾಂಡವಪ್ರಸ್ಥಪ್ರವೇಶ. ವಿಶ್ಷಕರ್ಮನಿಂದ ನಗರ ನಿರ್ಮಾಣ ಮತ್ತು ಕೃಷ್ಣನ ಪ್ರಯಾಣ.)","Main narrative and selected explanatory additions drafted. Remaining verification includes each extended speech, ritual detail, named catalogue, prayer line, lexical gloss and commentary proposition. The selective factual review does not establish passage completeness.",not_certified_unabridged,Root_Chapters_132_237.csv
Adi210,"(ಇಂದ್ರಪ್ರಸ್ಥದಲ್ಲಿ ಪಾಂಡವರ ರಾಜ್ಯಭಾರ, ನಾರದರ ಆಗಮನ, ಅವರ ಜ್ಞಾನದ ಆಗಾಧತೆ, ಸುಂದೋಷಸುಂದರ ಉಲ್ಲೇಖ.)","Main narrative and selected explanatory additions drafted. Remaining verification includes each extended speech, ritual detail, named catalogue, prayer line, lexical gloss and commentary proposition. The selective factual review does not establish passage completeness.",not_certified_unabridged,Root_Chapters_132_237.csv
Adi211,"(ಹಿರಣ್ಯಕಶಿಪುವಿನವ ವಂಶದಲ್ಲಿಸುಂದೋಪಸುಂದರ ಜನನ, ಬ್ರಹ್ಮದೇವರ  ಕುರಿತು ತಪಸ್ಸುಮತ್ತು ವರಪ್ರಾಪ್ತಿ.)","Main narrative and selected explanatory additions drafted. Remaining verification includes each extended speech, ritual detail, named catalogue, prayer line, lexical gloss and commentary proposition. The selective factual review does not establish passage completeness.",not_certified_unabridged,Root_Chapters_132_237.csv
Adi212,"(ಸುಂದೋಪಸುಂದರಿಂದ ಸರ್ಗಾದಿಜಯ, ಯಷಿಗಳ ವಧೆ, ಭೂಮಿಯ ಉಗ್ರರೂಪತೆ.)","Main narrative and selected explanatory additions drafted. Remaining verification includes each extended speech, ritual detail, named catalogue, prayer line, lexical gloss and commentary proposition. The selective factual review does not establish passage completeness.",not_certified_unabridged,Root_Chapters_132_237.csv
Adi213,(ದೇವತೆಗಳಿಂದ ಬ್ರಹ್ಮದೇವರ ಬಳಿಯಲ್ಲಿ ದೂರು. ಬ್ರಹ್ಮದೇವರಿಂದ ವಿಶಕರ್ಮನಿಗೆ ತಿಲೋತ್ತಮೆಯನ್ನು ನಿರ್ಮಿಸಲು ಆದೇಶ. ತಿಲೋತ್ತಮೆಯ ಸೌಂದರ್ಯ.),"Main narrative and selected explanatory additions drafted. Remaining verification includes each extended speech, ritual detail, named catalogue, prayer line, lexical gloss and commentary proposition. The selective factual review does not establish passage completeness.",not_certified_unabridged,Root_Chapters_132_237.csv
Adi214,(ಸುಂದೋಪಸುಂದರ ಬಳಿಗೆ ತಿಲೋತ್ತಮೆಯ ಗಮನ. ಅವಳ ಸಲುವಾಗಿ ಅವರ ವಿರೋಧ. ಗದಾಯುದ್ಧದಿಂದ ಮರಣ. ನಾರದರ ಹಿತೋಪದೇಶ. ಪಾಂಡವರ ಸಮಯಬಂಧ.),"Main narrative and selected explanatory additions drafted. Remaining verification includes each extended speech, ritual detail, named catalogue, prayer line, lexical gloss and commentary proposition. The selective factual review does not establish passage completeness.",not_certified_unabridged,Root_Chapters_132_237.csv
Adi215,"(ಆಯುಧಾಗಾರದಲ್ಲಿದ್ದಧರ್ಮರಾಜ ದ್ರೌಪದಿ, ಬ್ರಾಹ್ಮಣನ ಗೋರಕ್ಷಣೆಗಾಗಿ ಅರ್ಜುನ ಅಲ್ಲಿಗೆ ಬಂದುದು, ಧರ್ಮರಾಜರನ್ನು ನೋಡಿ, ಅರ್ಜುನನ ವನವಾಸ ನಿಶ್ಚಯ.)","Main narrative and selected explanatory additions drafted. Remaining verification includes each extended speech, ritual detail, named catalogue, prayer line, lexical gloss and commentary proposition. The selective factual review does not establish passage completeness.",not_certified_unabridged,Root_Chapters_132_237.csv
Adi216,"(ಅರ್ಜುನನ ತೀರ್ಥಯಾತ್ರೆ, ಉಲೂಪಿಯಿಂದ ಅರ್ಜುನನ ಹರಣ, ನಾಗಲೋಕ ಪ್ರಾಪ್ತಿ, ಇರಾವಂತನ ಉತ್ಪತ್ತಿ.)","Main narrative and selected explanatory additions drafted. Remaining verification includes each extended speech, ritual detail, named catalogue, prayer line, lexical gloss and commentary proposition. The selective factual review does not establish passage completeness.",not_certified_unabridged,Root_Chapters_132_237.csv
Adi217,"(ಬ್ರಾಹ್ಮಣರಿಗೆ ಎಲ್ಲಾ ವೃತ್ತಾಂತವನ್ನು ತಿಳಿಸಿ ಅರ್ಜುನನ ಪ್ರಯಾಣ, ಮಣಲೂರಿನಲ್ಲಿ ಚಿತ್ರಾಂಗದೆಯ ವಿವಾಹ.)","Main narrative and selected explanatory additions drafted. Remaining verification includes each extended speech, ritual detail, named catalogue, prayer line, lexical gloss and commentary proposition. The selective factual review does not establish passage completeness.",not_certified_unabridged,Root_Chapters_132_237.csv
Adi218,"(ದಕ್ಷಿಣ ಸಮುದ್ರತೀರದಲ್ಲಿ ನಾರೀತೀರ್ಥದಲ್ಲಿ ಅರ್ಜುನನಿಂದ ಅಪ್ಪರೆಯರ ಮೋಚನ. ಮಣಲೂರಿಗೆ ಹಿಂದಿರುಗಿ, ಚಿತ್ರವಾಹನನಿಗೆ ಬಭ್ರುವಾಹನನನ್ನು ಸಮರ್ಪಿಸಿ ಪುನಃ ತೀರ್ಥ ಯಾತ್ರಾಗಮನ.)","Main narrative and selected explanatory additions drafted. Remaining verification includes each extended speech, ritual detail, named catalogue, prayer line, lexical gloss and commentary proposition. The selective factual review does not establish passage completeness.",not_certified_unabridged,Root_Chapters_132_237.csv
Adi219,"(ಅರ್ಜುನನ ಪ್ರಭಾಸಪ್ರಾಪ್ತಿ. ಸುಭದ್ರೆಯ ಚಿಂತೆಯಿಂದ ಯತಿವೇಷಧಾರಣ. ಕೃಷ್ಣನ ಆಗಮನ, ಸಮ್ಮತಿ ಮತ್ತು ಭೋಜನಾದಿ ವ್ಯವಸ್ಥೆ. ದ್ವಾರಕಾಪಟ್ಟಣಕ್ಕೆ ಪ್ರತಿನಿವೃತ್ತಿ.)","Main narrative and selected explanatory additions drafted. Remaining verification includes each extended speech, ritual detail, named catalogue, prayer line, lexical gloss and commentary proposition. The selective factual review does not establish passage completeness.",not_certified_unabridged,Root_Chapters_132_237.csv
Adi220,"(ರೈವತಕಪರ್ವತದಲ್ಲಿ ವೃಷ್ಟ್ಯಂಧಕರ ಮಹೋತ್ಸವ, ಅಲ್ಲಿಗೆ ಕೃಷ್ಣಸುಭದ್ರೆಯ ಆಗಮನ. ಕೃಷ್ಣನಲ್ಲಿ ಅರ್ಜುನನ ಪ್ರಾರ್ಥನೆ. ಕೃಷ್ಣನಿಂದ ಉಪಾಯ ಸೂಚನೆ ಮತ್ತು ಧರ್ಮರಾಜನ ಅನುಮತಿ)","Main narrative and selected explanatory additions drafted. Remaining verification includes each extended speech, ritual detail, named catalogue, prayer line, lexical gloss and commentary proposition. The selective factual review does not establish passage completeness.",not_certified_unabridged,Root_Chapters_132_237.csv
Adi221,"(ಉತ್ಸವವನ್ನು ಮುಗಿಸಿ ಎಲ್ಲರ ನಿರ್ಗಮನ, ಅರ್ಜುನನ ಚಿಂತೆ, ಬಲರಾಮಾದಿಗಳಿಂದ ಪುನಃ ಬಂದು ಚಾತುರ್ಮಾಸ್ಯವನ್ನು ಕನ್ಯಾಗಾರದಲ್ಲಿ ಕಳೆಯಬೇಕೆಂಬ ಪ್ರಾರ್ಥನೆ, ಕೃಷ್ಣನ ವಿರೋಧ ಸೂಚನೆ ಮತ್ತು ಅನುಮತಿ.)","Main narrative and selected explanatory additions drafted. Remaining verification includes each extended speech, ritual detail, named catalogue, prayer line, lexical gloss and commentary proposition. The selective factual review does not establish passage completeness.",not_certified_unabridged,Root_Chapters_132_237.csv
Adi222,"(ಕನ್ಯಾಗಾರದ ಸಮೀಪದಲ್ಲಿ ಅರ್ಜುನನ ವಾಸ, ಸುಭದ್ರೆಯ ಉಪಚಾರ, ಅರ್ಜುನ ಸುಭದ್ರೆಯರ ಸಂವಾದ, ಅರ್ಜುನನ ಜೊತೆಯಲ್ಲಿ ಸಮಾಲೋಚಿಸಿ ಕೃಷ್ಣನಿಂದ ಎಲ್ಲರನ್ನೂ ದ್ವೀಪಾಂತರಕ್ಕೆ ಪ್ರೇಷಣ.)","Main narrative and selected explanatory additions drafted. Remaining verification includes each extended speech, ritual detail, named catalogue, prayer line, lexical gloss and commentary proposition. The selective factual review does not establish passage completeness.",not_certified_unabridged,Root_Chapters_132_237.csv
Adi223,"(ಇಂದ್ರ ಮೊದಲಾದ ದೇವತೆಗಳಿಂದ ಕೃಷ್ಣನ ಸನ್ನಿಧಿಯಲ್ಲಿಸುಭದ್ರೆಯ ವಿವಾಹ,   ಕೃಷ್ಣನ ಸೂಚನೆಯಂತೆ ರಥದಲ್ಲಿ ಅರ್ಜುನ ಮತ್ತು ಸುಭದ್ರೆಯರ ನಿರ್ಗಮನ, ಕೆಲವರ ಹರ್ಷ ಮತ್ತು ಕೆಲವರ ರೋಷ)","Main narrative and selected explanatory additions drafted. Remaining verification includes each extended speech, ritual detail, named catalogue, prayer line, lexical gloss and commentary proposition. The selective factual review does not establish passage completeness.",not_certified_unabridged,Root_Chapters_132_237.csv
Adi224,"(ದ್ವಾರಕೆಯಿಂದ ಸುಭದ್ರೆಯ ಜೊತೆಯಲ್ಲಿ ಅರ್ಜುನನ ನಿರ್ಗಮನ,   ಮಧ್ಯಮಾರ್ಗದಲ್ಲಿವಿಪೃಥುವಿನ ಪ್ರತಿರೋಧ ಮತ್ತು ಸಮ್ಮತಿ, ವೃಷ್ಣ್ಯಂಧಕರ ಸಭೆ, ಬಲರಾಮನ ಕೋಪ, ಕೃಷ್ಣನ ಮೌನ.)","Main narrative and selected explanatory additions drafted. Remaining verification includes each extended speech, ritual detail, named catalogue, prayer line, lexical gloss and commentary proposition. The selective factual review does not establish passage completeness.",not_certified_unabridged,Root_Chapters_132_237.csv
Adi225,"(ಕೃಷ್ಣನ ಹಿತೋಪದೇಶದಿಂದ ಬಲರಾಮಾದಿಗಳ ಸಮಾಧಾನ, ಅರ್ಜುನನನ್ನು   ಹಿಂಬಾಲಿಸಿದ ಯಾದವರ ಪ್ರತಿನಿವೃತ್ತಿ, ನೀಳದೇಶವನ್ನು ಅತಿಕ್ರಮಿಸಿ ಅರ್ಜುನನ ಕುರುದೇಶ ಪ್ರಾಪ್ತಿ.)","Main narrative and selected explanatory additions drafted. Remaining verification includes each extended speech, ritual detail, named catalogue, prayer line, lexical gloss and commentary proposition. The selective factual review does not establish passage completeness.",not_certified_unabridged,Root_Chapters_132_237.csv
Adi226,"(ಅರ್ಜುನನ ಸ್ವಭವನ ಪ್ರಾಪ್ತಿ, ಗೋಪಾಲಿಕೆ ವೇಷದಿಂದ ಸುಭದ್ರೆಯ ಪ್ರವೇಶ, ಕುಂತಿಯ ಮತ್ತು ದ್ರೌಪದಿಯ ಆಶೀರ್ವಾದ, ಎಲ್ಲರ ಹರ್ಷ.)","Main narrative and selected explanatory additions drafted. Remaining verification includes each extended speech, ritual detail, named catalogue, prayer line, lexical gloss and commentary proposition. The selective factual review does not establish passage completeness.",not_certified_unabridged,Root_Chapters_132_237.csv
Adi227,"(ಯಾದವರಿಂದ ಇಂದ್ರಪ್ರಸ್ಥಕ್ಕೆ ಉಡುಗೊರೆಗಳ ಆಹರಣ, ಇಂದ್ರಪ್ರಸ್ಥದಲ್ಲಿ ಏಳು ದಿನಗಳ ಕಾಲ ಅರ್ಜುನ-ಸುಭದ್ರೆಯರ ವಿವಾಹ, ಯಾದವರ ನಿರ್ಗಮನ, ಇಂದ್ರಪ್ರಸ್ಥದಲ್ಲಿ ಕೃಷ್ಣನ ವಾಸ.)","Main narrative and selected explanatory additions drafted. Remaining verification includes each extended speech, ritual detail, named catalogue, prayer line, lexical gloss and commentary proposition. The selective factual review does not establish passage completeness.",not_certified_unabridged,Root_Chapters_132_237.csv
Adi228,"(ಅಭಿಮನ್ಯುವಿನ ಜನನ, ಕೃಷ್ಣನಿಂದ ಅವನ ಲಾಲನ, ಅರ್ಜುನನಿಂದ ಶಸ್ತ್ರಾಸ್ತ್ರ ಪ್ರಾಪ್ತಿ, ಪಂಚದ್ರೌಪದೇಯರ ಜನನ.)","Main narrative and selected explanatory additions drafted. Remaining verification includes each extended speech, ritual detail, named catalogue, prayer line, lexical gloss and commentary proposition. The selective factual review does not establish passage completeness.",not_certified_unabridged,Root_Chapters_132_237.csv
Adi229,"(ನಗರವಿಹಾರವನ್ನುಮುಗಿಸಿ ಯಮುನಾ ತೀರದಲ್ಲಿವಿಹರಿಸಲು ಕೃಷ್ಣಾರ್ಜುನರ ನಿರ್ಧಾರ, ಖಾಂಡವವನ ಪ್ರಾಪ್ತಿ ಮತ್ತು ವರ್ಣನೆ.)","Main narrative and selected explanatory additions drafted. Remaining verification includes each extended speech, ritual detail, named catalogue, prayer line, lexical gloss and commentary proposition. The selective factual review does not establish passage completeness.",not_certified_unabridged,Root_Chapters_132_237.csv
Adi230,"(ಯಮುನಾತೀರದಲ್ಲಿವಿಪ್ರವೇಷದಿಂದ ಬಂದು ಅಗ್ನಿಯಿಂದ ತನ್ನದುಚ್ಛಿತಿಯನ್ನು ತಿಳಿಸಿ ಖಾಂಡವದಹನಕ್ಕಾಗಿ ಕೃಷ್ಣಾರ್ಜುನರ ಸಹಾಯದ ಪ್ರಾರ್ಥನೆ. ತಮ್ಮ ತಮ್ಮ ಅಸ್ಪವನ್ನುಪಡೆದ ಕೃಷ್ಣಾರ್ಜುನರಿಂದ ಆಶ್ವಾಸನೆ, ಖಾಂಡವದಾಹದ ಉಪಕ್ರಮ.)","Main narrative and selected explanatory additions drafted. Remaining verification includes each extended speech, ritual detail, named catalogue, prayer line, lexical gloss and commentary proposition. The selective factual review does not establish passage completeness.",not_certified_unabridged,Root_Chapters_132_237.csv
Adi231,"(ಕೃಷ್ಣಾರ್ಜುನರ ರಕ್ಷಣೆಯಲ್ಲಿ ಅಗ್ನಿಯಿಂದ ಖಾಂಡವ ದಹನ, ಸರ್ವಪ್ರಾಣಿಗಳ ವಿನಾಶ. ದೇವತಾಗಣದ ಜೊತೆಯಲ್ಲಿ ಬಂದು ಇಂದ್ರನ ಯುದ್ಧಮತ್ತು ಅರ್ಜುನನ ಪ್ರತೀಕಾರ.)","Main narrative and selected explanatory additions drafted. Remaining verification includes each extended speech, ritual detail, named catalogue, prayer line, lexical gloss and commentary proposition. The selective factual review does not establish passage completeness.",not_certified_unabridged,Root_Chapters_132_237.csv
Adi232,(ಕೃಷ್ಣಾರ್ಜುನರ ರಕ್ಷಣೆಯಲ್ಲಿ ಅಗ್ನಿಯಿಂದ ಖಾಂಡವವನ ದಾಹ. ಕೃಷ್ಣಾರ್ಜುನರಿಂದ ಯುದ್ದಕ್ಕೆ ಬಂದ ದೇವತೆಗಳ ಪರಾಜಯ. ಅಶರೀರವಾಣಿಯಿಂದ ಇಂದ್ರನ ನಿವೃತ್ತಿ. ಅಗ್ನಿಯ ಹರ್ಷ. ಮಯನಿಗೆ ಅಭಯದಾನ.),"Main narrative and selected explanatory additions drafted. Remaining verification includes each extended speech, ritual detail, named catalogue, prayer line, lexical gloss and commentary proposition. The selective factual review does not establish passage completeness.",not_certified_unabridged,Root_Chapters_132_237.csv
Adi233,"(ಶಾಂರ್ಗಕಪಕ್ಟಿಗಳ ಅದಾಹಕ್ಕೆ ಕಾರಣಪ್ರಶ್ನೆ, ಮಂದಪಾಲಚರಿತೆ, ಮಕ್ಕಳಿಲ್ಲದ  ಅವನಿಂದ ಶಾಂರ್ಗಕ- ಪಕ್ಷಿರೂಪವನ್ನು ಧರಿಸಿ ಮಕ್ಕಳ ಉತ್ಪಾದನೆ.)","Main narrative and selected explanatory additions drafted. Remaining verification includes each extended speech, ritual detail, named catalogue, prayer line, lexical gloss and commentary proposition. The selective factual review does not establish passage completeness.",not_certified_unabridged,Root_Chapters_132_237.csv
Adi234,"(ಸಮೀಪಿಸುತ್ತಿರುವ ಅಗ್ನಿಯನ್ನು ನೋಡಿ ಜರಿತೆಯ ವಿಹ್ವಲತಾ, ಮಕ್ಕಳನ್ನು ಉಳಿಸಲು ಅವರ ಜೊತೆಯಲ್ಲಿಸಂವಾದ. ಮೂಷಿಕಬಿಲವನ್ನು ಪ್ರವೇಶಿಸಲು ಮಕ್ಕಳ ನಿರಾಕರಣೆ.)","Main narrative and selected explanatory additions drafted. Remaining verification includes each extended speech, ritual detail, named catalogue, prayer line, lexical gloss and commentary proposition. The selective factual review does not establish passage completeness.",not_certified_unabridged,Root_Chapters_132_237.csv
Adi235,(ಇಲಿಯ ಬಿಲವನ್ನು ಪ್ರವೇಶಿಸಲು ತಾಯಿಯ ನಿರ್ಬಂಧ. ಮಕ್ಕಳಿಂದ ಅದರ ನಿರಾಕರಣೆ. ತಾಯಿಯು ಹೇಳಿದ ಶ್ಯೇನವೃತ್ತಾಂತದಲ್ಲಿ ಮಕ್ಕಳ ಅವಿಶ್ವಾಸ. ಜರಿತಾರಿಯಿಂದ ಅಗ್ನಿಯ ಸ್ತೋತ್ರ.),"Main narrative and selected explanatory additions drafted. Remaining verification includes each extended speech, ritual detail, named catalogue, prayer line, lexical gloss and commentary proposition. The selective factual review does not establish passage completeness.",not_certified_unabridged,Root_Chapters_132_237.csv
Adi236,(ಸಮೀಪದಲ್ಲಿಬರುತ್ತಿರುವ ಅಗ್ನಿಯನ್ನುನೋಡಿ ಜರಿತಾರಿಯಾದಿಗಳ ಸ್ತೋತ್ರ. ಪ್ರಸನ್ನನಾದ ಅಗ್ನಿಯಿಂದ ಅವರ ಮೋಚನೆ.),"Main narrative and selected explanatory additions drafted. Remaining verification includes each extended speech, ritual detail, named catalogue, prayer line, lexical gloss and commentary proposition. The selective factual review does not establish passage completeness.",not_certified_unabridged,Root_Chapters_132_237.csv
Adi237,(ಮಂದಪಾಲನಿಗೆ ಲಪಿತೆಯ ಮತ್ತು ಜರಿತೆಯ ತಿರಸ್ಕಾರದ ವಚನಗಳು. ಪತ್ನೀಪುತ್ರರೊಡನೆ ಮಂದಪಾಲನ ದೇಶಾಂತರ ಗಮನ. ಸ್ವರ್ಗದಿಂದ ಇಂದ್ರನ ಆಗಮನ. ಸಂತೋಷಪ್ರಕಟನ ಮತ್ತು ವರದಾನ.),"Main narrative and selected explanatory additions drafted. Remaining verification includes each extended speech, ritual detail, named catalogue, prayer line, lexical gloss and commentary proposition. The selective factual review does not establish passage completeness.",not_certified_unabridged,Root_Chapters_132_237.csv
Sabha001,Maya offers repayment; Krishna asks for an assembly hall,Detailed Maya catalogue of earlier works; precise building-site measurements and inaugural gifts; interleaved Tatparya wording.,not_certified_unabridged,sabha_chapter_gap_ledger.json
Sabha002,Krishna departs for Dvaraka,"Full farewell gift/ritual sequence, all Dvaraka greeting recipients and individual chariot-service repetitions.",not_certified_unabridged,sabha_chapter_gap_ledger.json
Sabha003,"Maya retrieves materials, mace and conch; builds the hall","Exact Sanskrit/Kannada measurement and weight correspondence, full numerical expression of the sacrifice/donation passage, lexical notes and all source wording still require scan-assisted review. Broad narrative excursus is now voiced.",not_certified_unabridged,sabha_chapter_gap_ledger.json
Sabha004,Yudhishthira enters the hall and receives the assembly,"A further 141 item-level source propositions/name slots are now mapped to actual Kannada completion scenes. See Completion_Units_Combined.json. Flagged catalogue readings were visually compared with matching PDF pages and printed variants explained; the interpretation of ತೃತೀಯಾ remains disclosed. Full chapter source-to-script reconciliation, every name, lexical gloss and commentary point are not yet independently certified.",not_certified_unabridged,sabha_chapter_gap_ledger.json
Sabha005,Narada questions the king on governance,"Every major advice category has companion explanation; exact verse-by-verse131-ish question sequence, all scholastic glosses and archaic units are not fully voiced. Do not treat topic coverage as exact question-count verification.",not_certified_unabridged,sabha_chapter_gap_ledger.json
Sabha006,Yudhishthira asks about other assemblies,Minor formal responses and courtesy repetitions are condensed.,not_certified_unabridged,sabha_chapter_gap_ledger.json
Sabha007,Indra's assembly,"A further 90 item-level source propositions/name slots are now mapped to actual Kannada completion scenes. See Completion_Units_Combined.json. Flagged catalogue readings were visually compared with matching PDF pages and printed variants explained; the interpretation of ತೃತೀಯಾ remains disclosed. Full chapter source-to-script reconciliation, every name, lexical gloss and commentary point are not yet independently certified.",not_certified_unabridged,sabha_chapter_gap_ledger.json
Sabha008,Yama's assembly,"A further 128 item-level source propositions/name slots are now mapped to actual Kannada completion scenes. See Completion_Units_Combined.json. Flagged catalogue readings were visually compared with matching PDF pages and printed variants explained; the interpretation of ತೃತೀಯಾ remains disclosed. Full chapter source-to-script reconciliation, every name, lexical gloss and commentary point are not yet independently certified.",not_certified_unabridged,sabha_chapter_gap_ledger.json
Sabha009,Varuna's assembly,"A further 111 item-level source propositions/name slots are now mapped to actual Kannada completion scenes. See Completion_Units_Combined.json. Flagged catalogue readings were visually compared with matching PDF pages and printed variants explained; the interpretation of ತೃತೀಯಾ remains disclosed. Full chapter source-to-script reconciliation, every name, lexical gloss and commentary point are not yet independently certified.",not_certified_unabridged,sabha_chapter_gap_ledger.json
Sabha010,Kubera's assembly,"A further 98 item-level source propositions/name slots are now mapped to actual Kannada completion scenes. See Completion_Units_Combined.json. Flagged catalogue readings were visually compared with matching PDF pages and printed variants explained; the interpretation of ತೃತೀಯಾ remains disclosed. Full chapter source-to-script reconciliation, every name, lexical gloss and commentary point are not yet independently certified.",not_certified_unabridged,sabha_chapter_gap_ledger.json
Sabha011,Brahma's assembly,"A further 99 item-level source propositions/name slots are now mapped to actual Kannada completion scenes. See Completion_Units_Combined.json. Flagged catalogue readings were visually compared with matching PDF pages and printed variants explained; the interpretation of ತೃತೀಯಾ remains disclosed. Full chapter source-to-script reconciliation, every name, lexical gloss and commentary point are not yet independently certified.",not_certified_unabridged,sabha_chapter_gap_ledger.json
Sabha012,"Harishchandra, Rajasuya and Pandu's message","Full Harishchandra conquest/gift metrics, alternative merits for reaching the assembly, Narada's concluding caution and Tatparya details.",not_certified_unabridged,sabha_chapter_gap_ledger.json
Sabha013,Yudhishthira consults ministers on Rajasuya,"All prosperity conditions, adviser speeches and procedural repetitions; interleaved Tatparya theology compressed.",not_certified_unabridged,sabha_chapter_gap_ledger.json
Sabha014,Krishna arrives at Indraprastha,"Full messenger/arrival protocol, devotional exchanges, Krishna qualities and interleaved commentary.",not_certified_unabridged,sabha_chapter_gap_ledger.json
Sabha015,Krishna describes Jarasandha's power,"Full royal-alliance and Yadava lineage/name lists, military quantities, fortress dimensions, some regional detail; Hamsa/Dibaka substory now voiced inS03.",not_certified_unabridged,sabha_chapter_gap_ledger.json
Sabha016,Obstacles to Rajasuya,Full opposing-warrior name list and each commentarial gloss; central captives/Rajasuya obstacle and withdrawal interpretation voiced.,not_certified_unabridged,sabha_chapter_gap_ledger.json
Sabha017,"Krishna, Yudhishthira and Bhima deliberate",Full philosophical argument and ritual-human-sacrifice glosses; all major council positions voiced.,not_certified_unabridged,sabha_chapter_gap_ledger.json
Sabha018,Yudhishthira and Arjuna deliberate,Detailed metaphors/arguments beyond core dialogue. Repeated opening/pages580–581 need scan-based deduplication.,not_certified_unabridged,sabha_chapter_gap_ledger.json
Sabha019,Jarasandha's birth,"Brihadratha praise, exact initial boon language and every pregnancy/birth detail remain condensed. Central cause and aftermath are voiced without graphic birth imagery.",not_certified_unabridged,sabha_chapter_gap_ledger.json
Sabha020,Jara's identity and Jarasandha's growth,Exact numerical/metrical expressions and all praise similes remain paraphrased. The source note distinguishing the popular Narada distance story is recorded editorially; modern geographical identification and unit conversion are unverified. No broader Jara wall-painting origin myth was added because it is absent from this supplied passage.,not_certified_unabridged,sabha_chapter_gap_ledger.json
Sabha021,"Krishna, Bhima and Arjuna travel to Magadha",Anuraga spelling and route-identification need scan review; every council metaphor and Tatparya sentence is not separately voiced. No modern-map equivalence asserted.,not_certified_unabridged,sabha_chapter_gap_ledger.json
Sabha022,Entry into Girivraja and challenge to Jarasandha,"Dirghatamas birth/begetting wording and divergent hill lists require scan review. Exact debate repetitions, every civic descriptive detail and full cult/theological commentary remain condensed.",not_certified_unabridged,sabha_chapter_gap_ledger.json
Sabha023,Krishna–Jarasandha enmity and wrestling,Verse-by-verse wrestling holds and formal courtesies; full theological gloss. Krishna/Kamsa backstory and15-day/14thnight timing both voiced.,not_certified_unabridged,sabha_chapter_gap_ledger.json
Sabha024,"Jarasandha's death, release of kings and return","Full liberated-kings praise, chariot descriptive catalogue and all ritual/gift details; Sahadeva identity, coronation, marriage commentary and Usha distinction now voiced.",not_certified_unabridged,sabha_chapter_gap_ledger.json
