chapter_id,volume,chapter,source_file,line_start,line_end,source_heading,linked_scene_ids,status,boundary_status,remaining_review,notes
Adi132,3,132,MAHABHARATA-3-AADIPARVA_djvu.txt,812,1279,"(ದ್ರೋಣರಿಂದ ಅರ್ಜುನನ ಪರೀಕ್ಷೆ, . ಅರ್ಜುನನ ಅತಿಶಯ. ಅರ್ಜುನನಿಂದ ಲಕ್ಷ $ವೇಧ. ಬ್ರಹ್ಮಶಿರಸ್‌ ಅಸ್ಪದ ಪ್ರಾಪ್ತಿ.)",G23-S01 | G23-S02,source-linked narrative draft; passage completeness NOT certified,heading_observed_not_scan_verified,"Compare every verse, explanation, named entry and commentary point with source. A citation range overlap is not proof that all content is spoken.",
Adi133,3,133,MAHABHARATA-3-AADIPARVA_djvu.txt,1280,1742,"(ಕುಮಾರರಿಂದ ಅಸ್ಪಕೌಶಲ ಪ್ರದರ್ಶನ, ಯುಧಿಷ್ಠಿರ ಪರೀಕ್ಷೆ, ಭೀಮ ದುರ್ಯೋಧನರ ರಂಗ ಪ್ರವೇಶ)",G23-S03,source-linked narrative draft; passage completeness NOT certified,heading_observed_not_scan_verified,"Compare every verse, explanation, named entry and commentary point with source. A citation range overlap is not proof that all content is spoken.",
Adi134,3,134,MAHABHARATA-3-AADIPARVA_djvu.txt,1743,2131,"(ಭೀಮದುರ್ಯೋಧನರ ಸಲುವಾಗಿ ಪ್ರೇಕ್ಷಕದೆ ಶೈಧೀಭಾವ, ಅಶಶ್ನಾಮರಿಂದ  ಸಮಾಧಾನ, ಅರ್ಜುನನ ರಂಗಪ್ರವೇಶ ಮತ್ತು ಕೌಶಲ ಪ್ರದರ್ಶನ)",G23-S04,source-linked narrative draft; passage completeness NOT certified,heading_observed_not_scan_verified,"Compare every verse, explanation, named entry and commentary point with source. A citation range overlap is not proof that all content is spoken.",
Adi135,3,135,MAHABHARATA-3-AADIPARVA_djvu.txt,2132,2600,"(ಕರ್ಣನ ರಂಗಪ್ರವೇಶ, ಅರ್ಜುನನನ್ನು ಮೀರಿಸಿ ಕೌಶಲ ಪ್ರದರ್ಶನ,   ಕರ್ಣಾರ್ಜುನರ ವಿರೋಧ, ದುರ್ಯೋಧನನಿಂದ ಅಂಗರಾಜ್ಯದಲ್ಲಿ ಕರ್ಣನ ಅಭಿಷೇಕ)",G23-S05 | G23-S06,source-linked narrative draft; passage completeness NOT certified,heading_observed_not_scan_verified,"Compare every verse, explanation, named entry and commentary point with source. A citation range overlap is not proof that all content is spoken.",
Adi136,3,136,MAHABHARATA-3-AADIPARVA_djvu.txt,2601,3177,"(ಕರ್ಣನ ತಂದೆಯಾದ ಅಧಿರಥನ ರಂಗಪ್ರವೇಶ, ಅವನಿಗೆ ಕರ್ಣನ ನಮಸ್ಕಾರ, ಭೀಮಸೇನನ ಮೂದಲಿಕೆಯ ಮಾತುಗಳು, ರಂಗದಿಂದ ಎಲ್ಲರ ನಿರ್ಗಮನ.)",G23-S07 | G23-S08,source-linked narrative draft; passage completeness NOT certified,heading_observed_not_scan_verified,"Compare every verse, explanation, named entry and commentary point with source. A citation range overlap is not proof that all content is spoken.",
Adi137,3,137,MAHABHARATA-3-AADIPARVA_djvu.txt,3178,4650,"(ದ್ರೋಣರಿಗೆ ಗುರುದಕ್ಷಿಣದಾನ ಪ್ರಸಂಗ, ದುರ್ಯೋಧನಾದಿಗಳ ಪರಾಜಯ, ಭೀಮಾರ್ಜುನರ ಜಯ, ದ್ರೋಣದ್ರುಪದ ಸಂವಾದ, ದ್ರೋಣರಿಂದ ದ್ರುಪದನ ಅರ್ಧರಾಜ್ಯ ಸ್ವೀಕಾರ.)",G24-S01 | G24-S02 | G24-S03,source-linked narrative draft; passage completeness NOT certified,heading_observed_not_scan_verified,"Compare every verse, explanation, named entry and commentary point with source. A citation range overlap is not proof that all content is spoken.",
Adi138,3,138,MAHABHARATA-3-AADIPARVA_djvu.txt,4651,5384,"(ದ್ರುಪದನಿಂದ ಯಾಜಾನುಯಾಜರ ವರಣ, ಧೃಷ್ಟದ್ಯುಮ್ನ ಮತ್ತು ದ್ರೌಪದಿಯರ ಉತ್ಪತ್ತಿ)",G24-S04,source-linked narrative draft; passage completeness NOT certified,heading_observed_not_scan_verified,"Compare every verse, explanation, named entry and commentary point with source. A citation range overlap is not proof that all content is spoken.",
Adi139,3,139,MAHABHARATA-3-AADIPARVA_djvu.txt,5385,5682,(ತಪಸ್ಸು ಮಾಡುತ್ತಿದ್ದ ಪಾಂಚಾಲರಾಜನಾದ ಪೃಷತನಿಗೆ ಮೇನಕೆಯ ದರ್ಶನದಿಂದ ದ್ರುಪದನ ಉತ್ಪತ್ತಿ.),G24-S04 | A101-S01 | A101-S02 | A101-S03,source-linked narrative draft; passage completeness NOT certified,heading_observed_not_scan_verified,"Compare every verse, explanation, named entry and commentary point with source. A citation range overlap is not proof that all content is spoken.",
Adi140,3,140,MAHABHARATA-3-AADIPARVA_djvu.txt,5683,6194,"(ಯುಧಿಷ್ಠಿರನಿಗೆ ಯೌವರಾಜ್ಯಾಭಿಷೇಕ, ಬಲರಾಮನಲ್ಲಿ ಭೀಮಸೇನನ ಗದಾಭ್ಯಾಸ, ದ್ರೋಣರಿಂದ ಅರ್ಜುನನಿಗೆ ಬ್ರಹ್ಮಶಿರ ಅಸ್ಪಪ್ರಾಪ್ತಿ. ಭೀಮಾರ್ಜುನ ವಿಜಯ, ದುರ್ಯೋಧನನ ಅಸೂಯೆ, ಧೃತರಾಷ್ಟ್ರನ ಬುದ್ಧಿಭೇದ)",G24-S05,source-linked narrative draft; passage completeness NOT certified,heading_observed_not_scan_verified,"Compare every verse, explanation, named entry and commentary point with source. A citation range overlap is not proof that all content is spoken.",
Adi141,3,141,MAHABHARATA-3-AADIPARVA_djvu.txt,6195,6567,"(ಯುಧಿಷ್ಠಿರನ ಅಭಿಷೇಕವನ್ನು ನೋಡಿ ದುರ್ಯೋಧನನ ಅಸೂಯೆ, ಧೃತರಾಷ್ಟ್ರನ ಜೊತೆಯಲ್ಲಿಸಂವಾದ, ಧೃತರಾಷ್ಟ್ರನ ಚಂಚಲಮನಸ್ಥಿತಿಃ)",G24-S06,source-linked narrative draft; passage completeness NOT certified,heading_observed_not_scan_verified,"Compare every verse, explanation, named entry and commentary point with source. A citation range overlap is not proof that all content is spoken.",
Adi142,3,142,MAHABHARATA-3-AADIPARVA_djvu.txt,6568,7657,(ಕಣಿಕ ನೀತಿ),G24-S07 | G24-S08 | G24-S09 | G24-S10 | G24-S11,source-linked narrative draft; passage completeness NOT certified,heading_observed_not_scan_verified,"Compare every verse, explanation, named entry and commentary point with source. A citation range overlap is not proof that all content is spoken.",
Adi143,3,143,MAHABHARATA-3-AADIPARVA_djvu.txt,7658,8157,"(ಕಣಿಂಕನ ನೀತಿಯ ಪ್ರಭಾವದಿಂದ ಪಾಂಡವರನ್ನು ವಾರಣಾವತಕ್ಕೆ ಕಳುಹಿಸುವಂತೆ ದುರ್ಯೋಧನನ ಆಗ್ರಹ, ಧೃತರಾಷ್ಟ್ರನ ಲೋಕಾಪವಾದ ಭೀತಿ, ಕೊನೆಗೆ ಪಾಂಡವರಿಗೆ ವಾರಣಾವತಕ್ಕೆ ಹೋಗಲು ಆದೇಶ )",G25-S01,source-linked narrative draft; passage completeness NOT certified,heading_observed_not_scan_verified,"Compare every verse, explanation, named entry and commentary point with source. A citation range overlap is not proof that all content is spoken.",
Adi144,3,144,MAHABHARATA-3-AADIPARVA_djvu.txt,8158,8358,"(ದುರ್ಯೋಧನನ ಹರ್ಷ, ವಾರಣಾವತದಲ್ಲಿಅರಗಿನ ಮನೆಯನ್ನು ಕಟ್ಟಲು ಪುರೋಚನನಿಗೆ ಆದೇಶ)",G25-S01,source-linked narrative draft; passage completeness NOT certified,heading_observed_not_scan_verified,"Compare every verse, explanation, named entry and commentary point with source. A citation range overlap is not proof that all content is spoken.",
Adi145,3,145,MAHABHARATA-3-AADIPARVA_djvu.txt,8359,8695,"(ವಾರಣಾವತಕ್ಕೆ ಯುಧಿಷ್ಠಿರಾದಿಗಳ ಪ್ರಯಾಣ, ಪೌರರ ಅನುಗಮನ ಮತ್ತು  ಪ್ರತಿನಿವೃತ್ತಿ, ಮ್ಲೇಚ್ಛಭಾಷೆಯಿಂದ ವಿದುರನ ಉಪದೇಶ)",G25-S02,source-linked narrative draft; passage completeness NOT certified,heading_observed_not_scan_verified,"Compare every verse, explanation, named entry and commentary point with source. A citation range overlap is not proof that all content is spoken.",
Adi146,3,146,MAHABHARATA-3-AADIPARVA_djvu.txt,8696,9056,"(ವಾರಣಾವತನಿವಾಸಿಗಳಿಂದ ಪಾಂಡವರ ಸತ್ಕಾರ ಮತ್ತು ಸ್ವೀಕಾರ, ಹತ್ತು ದಿನಗಳು ಕಳೆದ ಮೇಲೆ ಜತುಗೃಹಪ್ರವೇಶ, ಭೀಮ ಯುಧಿಷ್ಠಿರರಿಗೆ ಗೃಹದ ಸತ್ಯತೆಯ ಜ್ಞಾನ, ಧರ್ಮರಾಜನ ಉಪದೇಶ)",G25-S03,source-linked narrative draft; passage completeness NOT certified,heading_observed_not_scan_verified,"Compare every verse, explanation, named entry and commentary point with source. A citation range overlap is not proof that all content is spoken.",
Adi147,3,147,MAHABHARATA-3-AADIPARVA_djvu.txt,9057,9456,(ವಿದುರನ ಆಪ್ತನಾದ ಖನಕನಿಂದ ಸುರಂಗ ನಿರ್ಮಾಣ),G25-S04,source-linked narrative draft; passage completeness NOT certified,heading_observed_not_scan_verified,"Compare every verse, explanation, named entry and commentary point with source. A citation range overlap is not proof that all content is spoken.",
Adi148,3,148,MAHABHARATA-3-AADIPARVA_djvu.txt,9457,9695,(ಜತುಗೃಹಕ್ಕೆ ಅಗ್ನಿಸ್ಪರ್ಶ ಮಾಡಿ ಪಾಂಡವರ ಪಲಾಯನ),G25-S05 | G25-S06,source-linked narrative draft; passage completeness NOT certified,heading_observed_not_scan_verified,"Compare every verse, explanation, named entry and commentary point with source. A citation range overlap is not proof that all content is spoken.",
Adi149,3,149,MAHABHARATA-3-AADIPARVA_djvu.txt,9696,9883,(ವಿದುರನು ಕಳುಹಿಸಿದ ನಾವಿಕನಿಂದ ಪಾಂಡವರ ಗಂಗಾತರಣ ಮತ್ತು ವನಪ್ರವೇಶ),G25-S06,source-linked narrative draft; passage completeness NOT certified,heading_observed_not_scan_verified,"Compare every verse, explanation, named entry and commentary point with source. A citation range overlap is not proof that all content is spoken.",
Adi150,3,150,MAHABHARATA-3-AADIPARVA_djvu.txt,9884,10414,"(ಪ್ರಾತಃಕಾಲದಲ್ಲಿ ಧೃತರಾಷ್ಟ್ರನಿಗೆ ಪಾಂಡವರ ಮರಣದ ವಾರ್ತೆಯ ಹರಣ. ಬಂಧುಗಳಿಂದ ಪಾಂಡವರಿಗೆ ಉದಕ ಕ್ರಿಯ, ಭೀಷ್ಠರ ರೋದನ, ವಿದುರನಿಂದ ಸಾಂತ್ವನ.)",G25-S07,source-linked narrative draft; passage completeness NOT certified,heading_observed_not_scan_verified,"Compare every verse, explanation, named entry and commentary point with source. A citation range overlap is not proof that all content is spoken.",
Adi151,3,151,MAHABHARATA-3-AADIPARVA_djvu.txt,10415,10558,"(ದಾಹವನ್ನು ತಿಳಿದು ದುರ್ಯೋಧನಾದಿಗಳ ಹರ್ಷ, ಭೀಷ್ಠ ವಿದುರರಿಗೆ ಸತ್ಯವನ್ನುತಿಳಿದು ಹರ್ಷ, ಕಾಡಿನಲ್ಲಿಭೀಮಸೇನನ ಧಾವನ)",G25-S07,source-linked narrative draft; passage completeness NOT certified,heading_observed_not_scan_verified,"Compare every verse, explanation, named entry and commentary point with source. A citation range overlap is not proof that all content is spoken.",
Adi152,3,152,MAHABHARATA-3-AADIPARVA_djvu.txt,10559,10975,"(ತೃಷಾರ್ತರಾದ ತಾಯಿಯನ್ನೂ ಸಹೋದರರನ್ನೂ ಒಂದೆಡೆ ಕೂಡಿಸಿ ಜಲವನ್ನು ತರಲು ಭೀಮನ ಗಮನ, ಭೀಮನು ಜಲವನ್ನು ತರುವ ವೇಳೆಗೆ ಅವರ ನಿದ್ರೆ ಮತ್ತು ಭೀಮನ ವಿಲಾಪ )",G25-S08,source-linked narrative draft; passage completeness NOT certified,heading_observed_not_scan_verified,"Compare every verse, explanation, named entry and commentary point with source. A citation range overlap is not proof that all content is spoken.",
Adi153,3,153,MAHABHARATA-3-AADIPARVA_djvu.txt,10976,11416,"(ಪಾಂಡವರು ಮಲಗಿದ್ದಕಡೆಗೆ ಹಿಡಿಂಬೆಯ ಪ್ರವೇಶ, ಭೀಮ ಹಿಡಿಂಬೆಯರ ಸಂವಾದ)",G26-S01,source-linked narrative draft; passage completeness NOT certified,heading_observed_not_scan_verified,"Compare every verse, explanation, named entry and commentary point with source. A citation range overlap is not proof that all content is spoken.",
Adi154,3,154,MAHABHARATA-3-AADIPARVA_djvu.txt,11417,11717,(ಹಿಡಂಬಿಯು ವಿಳಂಬ ಮಾಡುತ್ತಿರಲು ಅಲ್ಲಿಗೆ ಹಿಡಿಂಬನ ಆಗಮನ),G26-S02,source-linked narrative draft; passage completeness NOT certified,heading_observed_not_scan_verified,"Compare every verse, explanation, named entry and commentary point with source. A citation range overlap is not proof that all content is spoken.",
Adi155,3,155,MAHABHARATA-3-AADIPARVA_djvu.txt,11718,12020,"(ಭೀಮ ಹಿಡಿಂಬರ ವಿವಾದ, ಅವರ ಯುದ್ಧದ ಪ್ರಾರಂಭ, ಪಾಂಡವರ ಎಚ್ಚರಿಕೆ)",G26-S03,source-linked narrative draft; passage completeness NOT certified,heading_observed_not_scan_verified,"Compare every verse, explanation, named entry and commentary point with source. A citation range overlap is not proof that all content is spoken.",
Adi156,3,156,MAHABHARATA-3-AADIPARVA_djvu.txt,12021,12504,"(ಕುಂತಿ ಹಿಡಿಂಬಾ ಸಂವಾದ, ಹಿಡಿಂಬ ಭೀಮ ಯುದ್ದ, ಅರ್ಜುನನನ್ನು  ನಿರಾಕರಿಸಿ ಭೀಮಸೇನನಿಂದ ಹಿಡಿಂಬನ ವಧೆ)",G26-S03 | G26-S04,source-linked narrative draft; passage completeness NOT certified,heading_observed_not_scan_verified,"Compare every verse, explanation, named entry and commentary point with source. A citation range overlap is not proof that all content is spoken.",
Adi157,3,157,MAHABHARATA-3-AADIPARVA_djvu.txt,12505,12910,"(ಹಿಡಿಂಬೆಯಿಂದ ತನ್ನ ದಿವ್ಯಜ್ಞಾನದ ಆವಿಷ್ಕಾರ, ಭೀಮನು ಅವಳನ್ನು ಸ್ವೀಕರಿಸಲು  ಕುಂತಿಯ ಸಮೃತಿ ಮತ್ತು ಧರ್ಮರಾಜನ ಸಮಯಬಂಧ)",G26-S04,source-linked narrative draft; passage completeness NOT certified,heading_observed_not_scan_verified,"Compare every verse, explanation, named entry and commentary point with source. A citation range overlap is not proof that all content is spoken.",
Adi158,3,158,MAHABHARATA-3-AADIPARVA_djvu.txt,12911,13529,"(ಪಾಂಡವರಿಂದ ಶಾಲಿಹೋತ್ತಸರೋವರಪ್ರಾಪ್ತಿ, ಭೀಮಹಿಡಿಂಬಿಯರ ವಿಹಾರ, ವ್ಯಾಸರ ಆಗಮನ ಮತ್ತು ಆಶ್ವಾಸನ)",G26-S05 | G26-S06,source-linked narrative draft; passage completeness NOT certified,heading_observed_not_scan_verified,"Compare every verse, explanation, named entry and commentary point with source. A citation range overlap is not proof that all content is spoken.",
Adi159,3,159,MAHABHARATA-3-AADIPARVA_djvu.txt,13530,13733,"(ವ್ಯಾಸರ ನಿರ್ಗಮನ, ಶಾಲಿಹೋತ್ರಾಶ್ರಮದಲ್ಲಿ ಪಾಂಡವರ ವಾಸ, ಘಟೋತ್ಸಚನ ಜನನ)",G26-S06 | G26-S07 | G26-S08,source-linked narrative draft; passage completeness NOT certified,heading_observed_not_scan_verified,"Compare every verse, explanation, named entry and commentary point with source. A citation range overlap is not proof that all content is spoken.",
Adi160,3,160,MAHABHARATA-3-AADIPARVA_djvu.txt,13734,14066,"(ಘಟೋತ್ಸಚ ಮತ್ತು ಹಿಡಿಂಬಿಯರ ಗಮನ, ಬ್ರಾಹ್ಮಣ ವೇಷದಿಂದ ಪಾಂಡವರ ಏಕಚಕ್ರನಗರ ಗಮನ, ಮಾರ್ಗದಲ್ಲಿವ್ಯಾಸರ ದರ್ಶನ, ಏಕಚಕ್ರನಗರದಲ್ಲಿ ಬ್ರಾಹ್ಮಣನ ಮನೆಯಲ್ಲಿಅವರನ್ನಿಟ್ಟುವ್ಯಾಸರ ಗಮನ)",G27-S01,source-linked narrative draft; passage completeness NOT certified,heading_observed_not_scan_verified,"Compare every verse, explanation, named entry and commentary point with source. A citation range overlap is not proof that all content is spoken.",
Adi161,3,161,MAHABHARATA-3-AADIPARVA_djvu.txt,14067,14615,"(ಪಾಂಡವರ ಭೈಕ್ಷಚರ್ಯೆ, ಪುರವಾಸಿಗಳ ಪ್ರೀತಿ, ಬ್ರಾಹ್ಮಣ ಗೃಹದಲ್ಲಿ ಆರ್ತನಾದ, ಕಾರಣವನ್ನು ತಿಳಿಯಲು ಕುಂತಿಯ ಪ್ರವೇಶ)",G27-S02,source-linked narrative draft; passage completeness NOT certified,heading_observed_not_scan_verified,"Compare every verse, explanation, named entry and commentary point with source. A citation range overlap is not proof that all content is spoken.",
Adi162,3,162,MAHABHARATA-3-AADIPARVA_djvu.txt,14616,15042,"(ತನ್ನನ್ನು ಕಳುಹಿಸಿಕೊಡುವಂತೆ ಪತ್ನಿಯ ಒತ್ತಾಯ, ಬ್ರಾಹ್ಮಣನಿಂದ ನಿರಾಕರಣೆ)",G27-S02,source-linked narrative draft; passage completeness NOT certified,heading_observed_not_scan_verified,"Compare every verse, explanation, named entry and commentary point with source. A citation range overlap is not proof that all content is spoken.",
Adi163,3,163,MAHABHARATA-3-AADIPARVA_djvu.txt,15043,15604,"(ಕನ್ಯೆಯ ವಚನ, ಬಾಲಕನ ವಚನ, ಕುಂತಿಯ ಪ್ರವೇಶ, ಬ್ರಾಹ್ಮಣನಿಂದ ಬಕವೃತ್ತಾಂತ ಕಥನ)",G27-S03,source-linked narrative draft; passage completeness NOT certified,heading_observed_not_scan_verified,"Compare every verse, explanation, named entry and commentary point with source. A citation range overlap is not proof that all content is spoken.",
Adi164,3,164,MAHABHARATA-3-AADIPARVA_djvu.txt,15605,15920,(ತನ್ನ ಒಬ್ಬಪುತ್ರನನ್ನುಕಳುಹಿಸುವುದಾಗಿ ಹೇಳಿ ಬ್ರಾಹ್ಮಣನಿಗೆ ಕುಂತಿಯ ಆಶ್ವಾಸನೆ),G27-S04,source-linked narrative draft; passage completeness NOT certified,heading_observed_not_scan_verified,"Compare every verse, explanation, named entry and commentary point with source. A citation range overlap is not proof that all content is spoken.",
Adi165,3,165,MAHABHARATA-3-AADIPARVA_djvu.txt,15921,16749,"(ಭೀಮನ ಮುಖ ಅರಳಿರುವುದನ್ನುನೋಡಿ ಧರ್ಮರಾಜನ ಶಂಕೆ, ಕುಂತಿಯಿಂದ ಸಮಾಧಾನ, ಬಂಡಿ ಅನ್ನವನ್ನುತೆಗೆದುಕೊಂಡು ಬಕನ ಸಮೀಪಕ್ಕೆ ಹೋಗಿ ಭೀಮನಿಂದ ಭಕ್ಷಣ)",G27-S05 | G27-S06,source-linked narrative draft; passage completeness NOT certified,heading_observed_not_scan_verified,"Compare every verse, explanation, named entry and commentary point with source. A citation range overlap is not proof that all content is spoken.",
Adi166,3,166,MAHABHARATA-3-AADIPARVA_djvu.txt,16750,17038,(ಭೀಮ ಬಕರ ಯುದ್ಧಮತ್ತು ಬಕವಧೆ ),G27-S07,source-linked narrative draft; passage completeness NOT certified,heading_observed_not_scan_verified,"Compare every verse, explanation, named entry and commentary point with source. A citation range overlap is not proof that all content is spoken.",
Adi167,3,167,MAHABHARATA-3-AADIPARVA_djvu.txt,17039,17322,"(ಶರಣಾಗತರಾದ ಬಕಪರಿವಾರಕ್ಕೆ ಭೀಮನಿಂದ ಅಭಯದಾನ ಮತ್ತು ನಿಯಮ ಬಂಧನ, ಪುನಃ ಕೆಲವು ಕಾಲ ಏಕಚಕ್ರನಗರದಲ್ಲಿವಾಸ )",G27-S08,source-linked narrative draft; passage completeness NOT certified,heading_observed_not_scan_verified,"Compare every verse, explanation, named entry and commentary point with source. A citation range overlap is not proof that all content is spoken.",
Adi168,3,168,MAHABHARATA-3-AADIPARVA_djvu.txt,17323,18262,"(ಪಾಂಡವರು ವಾಸವಾಗಿದ್ದಮನೆಗೆ ಒಬ್ಬಬ್ರಾಹ್ಮಣನ ಪ್ರವೇಶ, ದ್ರೌಪದಿಯ ಸ್ವಯಂವರವನ್ನುಪ್ರಸ್ತಾಪಿಸಿ ಅವನಿಂದ ಧೃಷ್ಟದ್ಯುಮ್ನ ದ್ರೌಪದಿಯರ ಜನನ ಕಥನ.)",G28-S01,source-linked narrative draft; passage completeness NOT certified,heading_observed_not_scan_verified,"Compare every verse, explanation, named entry and commentary point with source. A citation range overlap is not proof that all content is spoken.",
Adi169,3,169,MAHABHARATA-3-AADIPARVA_djvu.txt,18263,18478,(ಜತುಗೃಹದಲ್ಲಿ ಪಾಂಡವರ ದಾಹವನ್ನು ಕೇಳಿ ದ್ರುಪದನ ವಿಷಾದ ಮತ್ತು ಅರ್ಜುನನ ಬಗ್ಗೆ ಚಿಂತೆ),G28-S02,source-linked narrative draft; passage completeness NOT certified,heading_observed_not_scan_verified,"Compare every verse, explanation, named entry and commentary point with source. A citation range overlap is not proof that all content is spoken.",
Adi170,3,170,MAHABHARATA-3-AADIPARVA_djvu.txt,18479,18657,(ಬ್ರಾಹ್ಮಣನಿಂದ ಪಾಂಡವರಿಗೆ ದ್ರುಪದನ ಪುರೋಹಿತರ ಸಮಾಧಾನ ವಚನಗಳ ಕಥನ. ಮತ್ತು ಸಯಂವರ ಘೋಷಣೆಯ ಸೂಚನೆಯ ಕಥನ.),G28-S02,source-linked narrative draft; passage completeness NOT certified,heading_observed_not_scan_verified,"Compare every verse, explanation, named entry and commentary point with source. A citation range overlap is not proof that all content is spoken.",
Adi171,3,171,MAHABHARATA-3-AADIPARVA_djvu.txt,18658,19300,(ಬ್ರಾಹ್ಮಣರ ಜೊತೆಯಲ್ಲಿಪಾಂಚಾಲನಗರವನ್ನುಕುರಿತು ಪಾಂಡವರ ಗಮನ. ವ್ಯಾಸರ ಆಶ್ವಾಸನ ಮತ್ತು ಬ್ರಾಹ್ಮಣರ ಸಂವಾದ),G28-S03,source-linked narrative draft; passage completeness NOT certified,heading_observed_not_scan_verified,"Compare every verse, explanation, named entry and commentary point with source. A citation range overlap is not proof that all content is spoken.",
Adi172,3,172,MAHABHARATA-3-AADIPARVA_djvu.txt,19301,19848,"(ಅರ್ಧರಾತ್ರಿಯಲ್ಲಿ ಪಾಂಡವರ ಗಂಗಾಪ್ರಾಪ್ತಿ. ಚಿತ್ರರಥಗಂಧರ್ವನ ಜೊತೆಯಲ್ಲಿಅರ್ಜುನನ ಯುದ್ಧ, ಚಿತ್ರರಥನ ಪರಾಜಯ. ಆಗ್ನೇಯಾಸ್ವವನ್ನು ಕೊಟ್ಟು ಗಂಧರ್ವನಿಂದ ಅರ್ಜುನನ ಗಾಂಧರ್ವಾಸ್ತಗ್ರಹಣ)",G28-S04 | G28-S05,source-linked narrative draft; passage completeness NOT certified,heading_observed_not_scan_verified,"Compare every verse, explanation, named entry and commentary point with source. A citation range overlap is not proof that all content is spoken.",
Adi173,3,173,MAHABHARATA-3-AADIPARVA_djvu.txt,19849,20103,(ಬ್ರಾಹ್ಮಣ ಪುರಸ್ಕಾರವಿಲ್ಲದಿರುವುದು ಧರ್ಷಣಕ್ಕೆ ಕಾರಣ ಎಂದು ಹೇಳಿ ಪುರೋಹಿತರನ್ನುಸಂಪಾದಿಸಲು ಗಂಧರ್ವನಿಂದ ಸೂಚನೆ.),G28-S06,source-linked narrative draft; passage completeness NOT certified,heading_observed_not_scan_verified,"Compare every verse, explanation, named entry and commentary point with source. A citation range overlap is not proof that all content is spoken.",
Adi174,3,174,MAHABHARATA-3-AADIPARVA_djvu.txt,20104,20545,"(ತಾಪತ್ಯೋಪಾಖ್ಯಾನ, ತಪತೀ ಮತ್ತು ಸಂವರಣರ ಸಮಾಗಮ. ಸಂವರಣನ ವಚನಗಳು, ತಪತಿಯ ಅಂತರ್ಧಾನ.)",G28-S07,source-linked narrative draft; passage completeness NOT certified,heading_observed_not_scan_verified,"Compare every verse, explanation, named entry and commentary point with source. A citation range overlap is not proof that all content is spoken.","Repeated chapter-opening headers in raw OCR: 20104,20191. Do not narrate duplicate as a second event."
Adi175,3,175,MAHABHARATA-3-AADIPARVA_djvu.txt,20546,20735,(ಭೂಮಿಯ ಮೇಲೆ ಬಿದ್ದ ಸಂವರಣನ ಬಳಿಗೆ ತಪತಿಯ ಆಗಮನ ಮತ್ತು ಅವರ ಸಂವಾದ),G28-S08,source-linked narrative draft; passage completeness NOT certified,heading_observed_not_scan_verified,"Compare every verse, explanation, named entry and commentary point with source. A citation range overlap is not proof that all content is spoken.",
Adi176,3,176,MAHABHARATA-3-AADIPARVA_djvu.txt,20736,20914,"(ತಪತಿಯ ಅಂತರ್ಧಾನ, ಸಂವರಣನ ವಿಲಾಪ ಮತ್ತು ಮೂರ್ಛೆ, ಮಂತ್ರಿಯಿಂದ ಸಮಾಧಾನ, ಸಂವರಣನ ತಪಸ್ಸು, ವಸಿಷ್ಠರ ಆಗಮನ)",G29-S01,source-linked narrative draft; passage completeness NOT certified,heading_observed_not_scan_verified,"Compare every verse, explanation, named entry and commentary point with source. A citation range overlap is not proof that all content is spoken.",
Adi177,3,177,MAHABHARATA-3-AADIPARVA_djvu.txt,20915,21205,"(ಸೂರ್ಯನಿಂದ ತಪತಿಯನ್ನು ತಂದು ಸಂವರಣನ ಜೊತೆಯಲ್ಲಿ ವಿವಾಹ. ರಾಜನು ವನದಲ್ಲಿಯೇ ವಿಹರಿಸುತ್ತಿರಲು ರಾಜ್ಯದಲ್ಲಿ ಅನಾವೃಷ್ಟಿ. ವಸಿಷ್ಠರಿಂದ ರಾಜನ ಆನಯನ, ಸುಭಿಕ್ಷೆ.)",G29-S01,source-linked narrative draft; passage completeness NOT certified,heading_observed_not_scan_verified,"Compare every verse, explanation, named entry and commentary point with source. A citation range overlap is not proof that all content is spoken.",
Adi178,3,178,MAHABHARATA-3-AADIPARVA_djvu.txt,21206,21922,"(ಗಂಧರ್ವನಿಂದ ವಿಶ್ವಾಮಿತ್ರೋಪಾಖ್ಯಾನ ಕಥನ. ವಸಿಷ್ಠ ವಿಶ್ವಾಮಿತ್ರರ ವಿರೋಧ, ವಿಶ್ವಾಮಿತ್ರರ ಪರಾಜಯ, ತಪಸಿನಲ್ಲಿನಿಷ್ಠೆ.)",G29-S02,source-linked narrative draft; passage completeness NOT certified,heading_observed_not_scan_verified,"Compare every verse, explanation, named entry and commentary point with source. A citation range overlap is not proof that all content is spoken.",
Adi179,3,179,MAHABHARATA-3-AADIPARVA_djvu.txt,21923,22389,"(ವಸಿಷ್ಠ ವಿಶ್ವಾಮಿತ್ರರ ವಿರೋಧದ ವಿಸ್ತಾರ, ಕಲ್ಮಾಷಪಾದನ ಕಥೆ, ರಾಕ್ಟಸಾವಿಷ್ಣನಾದ ಕಲ್ಲಾಷಪಾದನಿಂದ ವಸಿಷ್ಠರ ಎಲ್ಲಾಮಕ್ಕಳ ಭಕ್ಷಣ. ಆತ್ಮಹತ್ಯೆಯನ್ನು ಮಾಡಿಕೊಳ್ಳಲು ವಸಿಷ್ಠರ ವಿಫಲ ಪ್ರಯತ್ನಗಳು.)",G29-S03 | G29-S04,source-linked narrative draft; passage completeness NOT certified,heading_observed_not_scan_verified,"Compare every verse, explanation, named entry and commentary point with source. A citation range overlap is not proof that all content is spoken.",
Adi180,3,180,MAHABHARATA-3-AADIPARVA_djvu.txt,22390,22885,(ಪುನಃ ಆತ್ಮಹತ್ಯೆಗೆ ವಸಿಷ್ಠರ ವಿಫಲ ಪ್ರಯತ್ನಗಳು. ಅದೃಶ್ಯಂತಿಯ ಜೊತೆಯಲ್ಲಿ ಸಂವಾದ. ಆಶ್ರಮಕ್ಕೆ ಪ್ರತಿನಿವೃತ್ತಿ. ಕಲ್ಲಾಷಪಾದನನ್ನು ರಾಕ್ಟಸನಿಂದ ವಿಮೋಚನೆಗೊಳಿಸಿ ಮದಯಂತಿಯಲ್ಲಿಪುತ್ರೋತ್ಟಾದನೆ),G29-S04,source-linked narrative draft; passage completeness NOT certified,heading_observed_not_scan_verified,"Compare every verse, explanation, named entry and commentary point with source. A citation range overlap is not proof that all content is spoken.",
Adi181,3,181,MAHABHARATA-3-AADIPARVA_djvu.txt,22886,23146,(ಆಶ್ರಮದಲ್ಲಿ ಪರಾಶರರ ಜನನ. ವಸಿಷ್ಠರಿಂದ ಅವರ ಸಾಂತ್ವನ ಕಾರ್ತವೀರ್ಯನ ವಂಶಸ್ಥರಿಂದ ಭೃಗುಕುಲದ ವಧೆ. ಔರ್ವರ ಜನ್ಮ. ಮತ್ತು ಕ್ಷತ್ರಿಯರ ಅಂಧತ್ವ .),G29-S05 | A103-S01,source-linked narrative draft; passage completeness NOT certified,heading_observed_not_scan_verified,"Compare every verse, explanation, named entry and commentary point with source. A citation range overlap is not proof that all content is spoken.",
Adi182,3,182,MAHABHARATA-3-AADIPARVA_djvu.txt,23147,23759,"(ಔರ್ವರ ಅನುಗ್ರಹದಿಂದ ಕ್ಷತ್ರಿಯರಿಗೆ ದೃಷ್ಟಿಪ್ರಾಪ್ತಿ. ಲೋಕವಿನಾಶಕ್ಕಾಗಿ ಔರ್ವರ ತಪಸ್ಸು. ಪಿತ್ಛಗಳ ಮಾತಿನಂತೆ ತಪಸ್ಸನ್ನುನಿಲ್ಲಿಸಿ, ಸಮುದ್ರದಲ್ಲಿಕ್ರೋಧಾಗ್ನಿಯ ವಿಸರ್ಜನೆ. ಪರಾಶರರು ಮಾಡಿದ ರಾಕ್ಷಸ ಸತ್ರ.)",G29-S06 | G29-S07 | A103-S02 | A103-S03,source-linked narrative draft; passage completeness NOT certified,heading_observed_not_scan_verified,"Compare every verse, explanation, named entry and commentary point with source. A citation range overlap is not proof that all content is spoken.",
Adi183,3,183,MAHABHARATA-3-AADIPARVA_djvu.txt,23760,24040,(ಸೌದಾಸನು ತನ್ನ ಭಾರ್ಯೆಯಲ್ಲಿವಸಿಷ್ಠರನ್ನು ನಿಯೋಜಿಸಲು ಬ್ರಾಹ್ಮಣಿಯ ಶಾಪ ಮೊದಲಾದ ವೃತ್ತಾಂತ ಕಥನ.),G29-S08,source-linked narrative draft; passage completeness NOT certified,heading_observed_not_scan_verified,"Compare every verse, explanation, named entry and commentary point with source. A citation range overlap is not proof that all content is spoken.",
Adi184,3,184,MAHABHARATA-3-AADIPARVA_djvu.txt,24041,24492,"(ಗಂಧರ್ವವಚನದಂತೆ ಪಾಂಡವರಿಂದ ಧೌಮ್ಯರ ವರಣ, ಪಾಂಡವರ ಮತ್ತು ಧೌಮ್ಯರ ಹರ್ಷ. ಜೊತೆಯಲ್ಲಿಪಾಂಚಾಲದೇಶಕ್ಕೆ ಗಮನ.)",G30-S01,source-linked narrative draft; passage completeness NOT certified,heading_observed_not_scan_verified,"Compare every verse, explanation, named entry and commentary point with source. A citation range overlap is not proof that all content is spoken.",
Adi185,3,185,MAHABHARATA-3-AADIPARVA_djvu.txt,24493,24984,(ಸ್ವಯಂವರಕ್ಕಾಗಿ ಪಾಂಡವರ ಮತ್ತು ಉಳಿದ ರಾಜರ ದ್ರುಪದಪುರಪ್ರವೇಶ. ಧೃಷ್ಟದ್ಯುಮ್ನನಿಂದ ಸ್ವಯಂವರದ ಘೋಷಣೆ.),G30-S02,source-linked narrative draft; passage completeness NOT certified,heading_observed_not_scan_verified,"Compare every verse, explanation, named entry and commentary point with source. A citation range overlap is not proof that all content is spoken.",
Adi186,3,186,MAHABHARATA-3-AADIPARVA_djvu.txt,24985,25633,"(ಧೃಷ್ಟದ್ಯುಮ್ನನಿಂದ ತಂಗಿಗೆ ಬಂದ ರಾಜರ ಪರಿಚಯ, ಸ್ಪರ್ಧೆಯಿಂದ ಲಕ್ಷ 6ವೇಧವನ್ನು ಮಾಡಲು ಪ್ರಯತ್ನಿಸಿದ ರಾಜರ ವೈಫಲ್ಯ, ಪಾಂಡವರನ್ನು ನೋಡಿ ಕೃಷ್ಣನ ಹರ್ಷ, ಅರ್ಜುನನ ಧನುಸಮೀಪ ಗಮನ)",G30-S03 | G30-S04,source-linked narrative draft; passage completeness NOT certified,heading_observed_not_scan_verified,"Compare every verse, explanation, named entry and commentary point with source. A citation range overlap is not proof that all content is spoken.",
Adi187,3,187,MAHABHARATA-3-AADIPARVA_djvu.txt,25634,26074,"(ಬ್ರಾಹ್ಮಣರು ಅನೇಕ ರೀತಿಯಲ್ಲಿ ಮಾತನಾಡುತ್ತಿರಲು ಅರ್ಜುನನಿಂದ ಲಕ್ಷ್ಯವೇಧ, ಬ್ರಾಹ್ಮಣರ ಹರ್ಷ, ದ್ರೌಪದಿಯಿಂದ ಮಾಲಾರ್ಪಣೆ)",G30-S05,source-linked narrative draft; passage completeness NOT certified,heading_observed_not_scan_verified,"Compare every verse, explanation, named entry and commentary point with source. A citation range overlap is not proof that all content is spoken.",
Adi188,3,188,MAHABHARATA-3-AADIPARVA_djvu.txt,26075,26558,"(ರಾಜರ ಕ್ಲೋಭೆ, ದ್ರುಪದನನ್ನು ಕೊಲ್ಲಲು ಪ್ರಯತ್ನ. ಭೀಮಸೇನನ ಸ್ಥೈರ್ಯ, ಕೃಷ್ಣನಿಂದ ಬಲರಾಮನಿಗೆ ಪಾಂಡವರ ಪ್ರತ್ಯೇಕ ಪರಿಚಯ.)",G30-S06,source-linked narrative draft; passage completeness NOT certified,heading_observed_not_scan_verified,"Compare every verse, explanation, named entry and commentary point with source. A citation range overlap is not proof that all content is spoken.",
Adi189,3,189,MAHABHARATA-3-AADIPARVA_djvu.txt,26559,27091,"(ಕರ್ಣಾರ್ಜುನರ, ಭೀಮಶಲ್ಯರ, ಧರ್ಮರಾಜ ಸುಯೋಧನರ, ದ್ವಂದ್ವ ಯುದ್ಧ, ಕರ್ಣಾದಿಗಳ ಪರಾಜಯ, ಪಶ್ಚಾತ್‌ನಿವೃತ್ತಿ, ಭೀಮಾರ್ಜುನರಿಂದ ದ್ರೌಪದಿಯನ್ನುಕರೆದುಕೊಂಡು ಕುಂತಿಯ ಸಮೀಪಗಮನ)",G30-S07,source-linked narrative draft; passage completeness NOT certified,heading_observed_not_scan_verified,"Compare every verse, explanation, named entry and commentary point with source. A citation range overlap is not proof that all content is spoken.",
Adi190,3,190,MAHABHARATA-3-AADIPARVA_djvu.txt,27092,27528,"(ಭೀಮಾರ್ಜುನರಿಂದ ಕುಂತಿಗೆ ದ್ರೌಪದಿಯ ನಿವೇದನೆ, ಕುಂತಿಯ ವಾಕ್ಯ, ಪಾಂಡವರ ದಿಗ್ಮಮೆ. ಐವರಿಗೂ ಪತ್ನಿಯೆಂಬ ಯುಧಿಷ್ಠಿರನ ನಿಶ್ಚಯ. ಕೃಷ್ಣಬಲರಾಮರ ಆಗಮನ ಮತ್ತು ಕುಶಲ ಪ್ರಶ್ನೆ.)",G30-S08,source-linked narrative draft; passage completeness NOT certified,heading_observed_not_scan_verified,"Compare every verse, explanation, named entry and commentary point with source. A citation range overlap is not proof that all content is spoken.",
Adi191,3,191,MAHABHARATA-3-AADIPARVA_djvu.txt,27529,27774,"(ಧೃಷ್ಟದ್ಯುಮ್ನನಿಂದ ದ್ರೌಪದಿಯನ್ನು ಹಿಂಬಾಲಿಸಿ ಪಾಂಡವರ ಪರೀಕ್ಷಣ, ದ್ರುಪದನ ಬಳಿಗೆ ಪುನರಾಗಮನ)",G30-S09,source-linked narrative draft; passage completeness NOT certified,heading_observed_not_scan_verified,"Compare every verse, explanation, named entry and commentary point with source. A citation range overlap is not proof that all content is spoken.",
Adi192,3,192,MAHABHARATA-3-AADIPARVA_djvu.txt,27775,28137,"(ದೃಷ್ಟದ್ಯುಮನಿಂದ ರಾತ್ರಿಯ ವೃತ್ತಾಂತದ ಕಥನ, ದ್ರುಪದನಿಂದ ಧರ್ಮರಾಜನ ಬಳಿಗೆ ಪುರೋಹಿತನ ಪ್ರೇಷಣ, ಧರ್ಮರಾಜ ಮತ್ತು ಪುರೋಹಿತನ ಸಂವಾದ)",G31-S01,source-linked narrative draft; passage completeness NOT certified,heading_observed_not_scan_verified,"Compare every verse, explanation, named entry and commentary point with source. A citation range overlap is not proof that all content is spoken.",
Adi193,3,193,MAHABHARATA-3-AADIPARVA_djvu.txt,28138,28443,(ದ್ರುಪದನಿಂದ ಪಾಂಡವರ ಪರೀಕ್ಷೆ ಅವರು ಕ್ಚತ್ರಿಯರೆಂದು ನಿರ್ಧಾರ),G31-S02,source-linked narrative draft; passage completeness NOT certified,heading_observed_not_scan_verified,"Compare every verse, explanation, named entry and commentary point with source. A citation range overlap is not proof that all content is spoken.",
Adi194,3,194,MAHABHARATA-3-AADIPARVA_djvu.txt,28444,28858,"(ಧರ್ಮರಾಜನಿಂದ ತಾವು ಪಾಂಡುಪುತ್ರರೆಂದು ಕಥನ, ದ್ರುಪದನ ಹರ್ಷ, ಐದು ಜನರಿಗೆ ದ್ರೌಪದಿಯನ್ನು ಕೊಡಲು ಅಸಂತೋಷ)",G31-S03,source-linked narrative draft; passage completeness NOT certified,heading_observed_not_scan_verified,"Compare every verse, explanation, named entry and commentary point with source. A citation range overlap is not proof that all content is spoken.",
Adi195,3,195,MAHABHARATA-3-AADIPARVA_djvu.txt,28859,29093,"(ವ್ಯಾಸರನ್ನು ಕುರಿತು ದ್ರುಪದನ ಪ್ರಶ್ನೆ ಧರ್ಮರಾಜ ಮತ್ತು ಕುಂತಿಯ ವಚನಗಳು, ವ್ಯಾಸರಿಂದ ದ್ರುಪದನಿಗೆ ಏಕಾಂತದಲ್ಲಿ ಉಪದೇಶ)",G31-S04 | A102-S01,source-linked narrative draft; passage completeness NOT certified,heading_observed_not_scan_verified,"Compare every verse, explanation, named entry and commentary point with source. A citation range overlap is not proof that all content is spoken.",
Adi196,3,196,MAHABHARATA-3-AADIPARVA_djvu.txt,29094,29807,(ವ್ಯಾಸರಿಂದ ಪಂಚಕನ್ಯೋಪಾಖ್ಯಾನ ಪ್ರಾರಂಭ. ಅದರಲ್ಲಿ ನಾಳಾಯನಿಯ ಜನ್ಮ. ಅನಂತರ ಪತಿಸೇವೆಯಿಂದ ನಾಳಾಯನಿಯ ವರಸ್ವೀಕಾರ. ಅನಂತರ ಇಂದ್ರಸೇನೆಯ ಜನ್ಮ. ರುದ್ರದೇವರಿಂದ ಪಂಚಪತ್ನೀತ್ವವರಸ್ವೀಕಾರ.),G31-S05 | G31-S07 | A102-S02 | A102-S03 | A102-S04 | A102-S05,source-linked narrative draft; passage completeness NOT certified,heading_observed_not_scan_verified,"Compare every verse, explanation, named entry and commentary point with source. A citation range overlap is not proof that all content is spoken.",
Adi197,3,197,MAHABHARATA-3-AADIPARVA_djvu.txt,29808,30559,"(ಪಂಚೇಂದ್ರೋಪಾಖ್ಯಾನ - ದೇವತೆಗಳ ಸತ್ರದಲ್ಲಿ ಬ್ರಹ್ಮದೇವರ ವಾಕ್ಯವನ್ನು ಕೇಳಿ ದೇವತೆಗಳಿಂದ ಗಂಗಾಸಮೀಪ ಗಮನ, ಅಲ್ಲಿ ಅಳುತ್ತಿರುವ ವನಿತೆಯ ದರ್ಶನ, ಅವಳನ್ನು ಕರೆದುಕೊಂಡು ರುದ್ರಸಮೀಪಕ್ಕೆ ಗಮನ, ರುದ್ರ ಮತ್ತು ಇಂದ್ರರ ಸಂವಾದ, ರುದ್ರನಿಂದ ಇಂದ್ರನ ನಿಂದೆ, ವ್ಯಾಸರಿಂದ ದ್ರುಪದನಿಗೆ ದಿವ್ಯದೃಷ್ಟಿಯನ್ನು ಕೊಟ್ಟು ಪಂಚೇಂದ್ರರ ಮತ್ತು ಅವರ ಸಮೀಪದಲ್ಲಿ ದ್ರೌಪದಿಯ ದರ್ಶನ, ದ್ರುಪದನ ಸಮಾಧಾನ ಮತ್ತು ಹರ್ಷ)",G31-S06 | G31-S07,source-linked narrative draft; passage completeness NOT certified,heading_observed_not_scan_verified,"Compare every verse, explanation, named entry and commentary point with source. A citation range overlap is not proof that all content is spoken.",
Adi198,3,198,MAHABHARATA-3-AADIPARVA_djvu.txt,30560,31177,"(ವ್ಯಾಸರಿಂದ ದ್ರೌಪದಿಯ ದೇವತಾಂಶತ್ವಸಮರ್ಥನೆ. ದ್ರುಪದನಿಂದ ವ್ಯಾಸರ ಅಭಿಪ್ರಾಯದ ಅಂಗೀಕಾರ, ವಿವಾಹ, ಉಡುಗೊರೆಗಳು ಮತ್ತು ಎಲ್ಲರ ಹರ್ಷ.)",G31-S07 | G31-S08,source-linked narrative draft; passage completeness NOT certified,heading_observed_not_scan_verified,"Compare every verse, explanation, named entry and commentary point with source. A citation range overlap is not proof that all content is spoken.",
Adi199,3,199,MAHABHARATA-3-AADIPARVA_djvu.txt,31178,31350,(ದ್ರೌಪದಿಗೆ ಕುಂತಿಯ ಆಶೀರ್ವಾದ. ಕೃಷ್ಣನು ಕಳುಹಿಸಿದ ಉಡುಗೊರೆಗಳು.),G31-S09,source-linked narrative draft; passage completeness NOT certified,heading_observed_not_scan_verified,"Compare every verse, explanation, named entry and commentary point with source. A citation range overlap is not proof that all content is spoken.",
Adi200,4,200,MAHABHARATA-4-AADIPARVA_djvu.txt,906,1397,"(ಚಾರರಿಂದ ಪಾಂಡವರು ದ್ರೌಪದಿಯನ್ನುಗೆದ್ದರೆಂದು ಸರ್ವತ್ರ ಪ್ರಚಾರ. ಕೆಲವು ರಾಜರ ಹರ್ಷ, ದುರ್ಯೋಧನಾದಿಗಳ ಅಸೂಯೆ, ಶಕುನಿಯ ದುರ್ನೀತಿ ಮತ್ತು ಭೂರಿಶ್ರವನ ಹಿತವಚನ)",G32-S01,source-linked narrative draft; passage completeness NOT certified,heading_observed_not_scan_verified,"Compare every verse, explanation, named entry and commentary point with source. A citation range overlap is not proof that all content is spoken.",
Adi201,4,201,MAHABHARATA-4-AADIPARVA_djvu.txt,1398,2117,"(ಅಭಿಯಾನ ಮಾಡಲು ಕರ್ಣನ ಆಗ್ರಹ, ಅಭಿಯಾನ. ದುರ್ಯೋಧನಾದಿಗಳ ಪರಾಜಯ, ಪ್ರತಿನಿವೃತ್ತಿ, ಕೃಷ್ಣನಿಂದ ಚತುರಂಗಬಲ ಪ್ರೇಷಣ.)",G32-S02,source-linked narrative draft; passage completeness NOT certified,heading_observed_not_scan_verified,"Compare every verse, explanation, named entry and commentary point with source. A citation range overlap is not proof that all content is spoken.",
Adi202,4,202,MAHABHARATA-4-AADIPARVA_djvu.txt,2118,2566,"(ಸ್ವಯಂವರದಿಂದ ಹಿಂದಿರುಗಿದ ದುರ್ಯೋಧನಾದಿಗಳ ವಿಷಾದ, ವಿದುರನಿಂದ ಧೃತರಾಷ್ಟ್ರನಿಗೆ ವೃತ್ತಾಂತ ಕಥನ, ದುರ್ಯೋಧನಾದಿಗಳಿಂದ ದುರ್ಮಂತ್ರಣ.)",G32-S03,source-linked narrative draft; passage completeness NOT certified,heading_observed_not_scan_verified,"Compare every verse, explanation, named entry and commentary point with source. A citation range overlap is not proof that all content is spoken.",
Adi203,4,203,MAHABHARATA-4-AADIPARVA_djvu.txt,2567,2814,"(ಕರ್ಣನ ಸಲಹೆ, ವಿಕ್ರಮವನ್ನು ಮಾಡಲು ಉಪದೇಶ, ಧೃತರಾಷ್ಟ ಸಂದಿಗ್ಧ ಮನಸ್ಥಿತಿ)",G32-S04,source-linked narrative draft; passage completeness NOT certified,heading_observed_not_scan_verified,"Compare every verse, explanation, named entry and commentary point with source. A citation range overlap is not proof that all content is spoken.",
Adi204,4,204,MAHABHARATA-4-AADIPARVA_djvu.txt,2815,3020,"(ಮಂತ್ರಿಗಳ ಎದುರಿನಲ್ಲಿದುರ್ಯೋಧನನಿಗೆ ಭೀಷ್ಠರ ಹಿತವಚನ, ಪಾಂಡವರಿಗೆ ಅರ್ಧರಾಜ್ಯವನ್ನುಕೊಡಲು ನಿರ್ಬಂಧ)",G32-S05,source-linked narrative draft; passage completeness NOT certified,heading_observed_not_scan_verified,"Compare every verse, explanation, named entry and commentary point with source. A citation range overlap is not proof that all content is spoken.",
Adi205,4,205,MAHABHARATA-4-AADIPARVA_djvu.txt,3021,3368,(ದ್ರೋಣರ ಹಿತವಚನ ಮತ್ತು ಕರ್ಣನ ವಿರೋಧ),G32-S06,source-linked narrative draft; passage completeness NOT certified,heading_observed_not_scan_verified,"Compare every verse, explanation, named entry and commentary point with source. A citation range overlap is not proof that all content is spoken.",
Adi206,4,206,MAHABHARATA-4-AADIPARVA_djvu.txt,3369,3659,(ವಿದುರನ ಹಿತವಚನ),G32-S07,source-linked narrative draft; passage completeness NOT certified,heading_observed_not_scan_verified,"Compare every verse, explanation, named entry and commentary point with source. A citation range overlap is not proof that all content is spoken.",
Adi207,4,207,MAHABHARATA-4-AADIPARVA_djvu.txt,3660,3990,(ಪಾಂಡವರನ್ನು ತರಲು ಪಾಂಚಾಲದೇಶಕ್ಕೆ ವಿದುರನ ಪ್ರಯಾಣ. ಅಲ್ಲಿಅವನ ಮಧುರವಚನಗಳು),G32-S08,source-linked narrative draft; passage completeness NOT certified,heading_observed_not_scan_verified,"Compare every verse, explanation, named entry and commentary point with source. A citation range overlap is not proof that all content is spoken.",
Adi208,4,208,MAHABHARATA-4-AADIPARVA_djvu.txt,3991,4617,"(ಹಸ್ತಿನಪುರಕ್ಕೆ ಪಾಂಡವರ ಆಗಮನ, ಪೌರರ ಹರ್ಷ.)",G32-S09,source-linked narrative draft; passage completeness NOT certified,heading_observed_not_scan_verified,"Compare every verse, explanation, named entry and commentary point with source. A citation range overlap is not proof that all content is spoken.",
Adi209,4,209,MAHABHARATA-4-AADIPARVA_djvu.txt,4618,5719,"(ಧೃತರಾಷ್ಟ್ರನಿಂದ ಧರ್ಮರಾಜನಿಗೆ ಅಭಿಷೇಕ, ಖಾಂಡವಪ್ಪಸ್ಥಕ್ಕೆ ಹೋಗಲು ಆದೇಶ, ವೇದವ್ಯಾಸರ ಮತ್ತು ಯಾದವಕೃಷ್ಣನ ಜೊತೆಯಲ್ಲಿ ಖಾಂಡವಪ್ರಸ್ಥಪ್ರವೇಶ. ವಿಶ್ಷಕರ್ಮನಿಂದ ನಗರ ನಿರ್ಮಾಣ ಮತ್ತು ಕೃಷ್ಣನ ಪ್ರಯಾಣ.)",G33-S01 | G33-S02,source-linked narrative draft; passage completeness NOT certified,heading_observed_not_scan_verified,"Compare every verse, explanation, named entry and commentary point with source. A citation range overlap is not proof that all content is spoken.",
Adi210,4,210,MAHABHARATA-4-AADIPARVA_djvu.txt,5720,6229,"(ಇಂದ್ರಪ್ರಸ್ಥದಲ್ಲಿ ಪಾಂಡವರ ರಾಜ್ಯಭಾರ, ನಾರದರ ಆಗಮನ, ಅವರ ಜ್ಞಾನದ ಆಗಾಧತೆ, ಸುಂದೋಷಸುಂದರ ಉಲ್ಲೇಖ.)",G33-S03,source-linked narrative draft; passage completeness NOT certified,heading_observed_not_scan_verified,"Compare every verse, explanation, named entry and commentary point with source. A citation range overlap is not proof that all content is spoken.",
Adi211,4,211,MAHABHARATA-4-AADIPARVA_djvu.txt,6230,6511,"(ಹಿರಣ್ಯಕಶಿಪುವಿನವ ವಂಶದಲ್ಲಿಸುಂದೋಪಸುಂದರ ಜನನ, ಬ್ರಹ್ಮದೇವರ  ಕುರಿತು ತಪಸ್ಸುಮತ್ತು ವರಪ್ರಾಪ್ತಿ.)",G33-S04,source-linked narrative draft; passage completeness NOT certified,heading_observed_not_scan_verified,"Compare every verse, explanation, named entry and commentary point with source. A citation range overlap is not proof that all content is spoken.",
Adi212,4,212,MAHABHARATA-4-AADIPARVA_djvu.txt,6512,6765,"(ಸುಂದೋಪಸುಂದರಿಂದ ಸರ್ಗಾದಿಜಯ, ಯಷಿಗಳ ವಧೆ, ಭೂಮಿಯ ಉಗ್ರರೂಪತೆ.)",G33-S05,source-linked narrative draft; passage completeness NOT certified,heading_observed_not_scan_verified,"Compare every verse, explanation, named entry and commentary point with source. A citation range overlap is not proof that all content is spoken.",
Adi213,4,213,MAHABHARATA-4-AADIPARVA_djvu.txt,6766,7054,(ದೇವತೆಗಳಿಂದ ಬ್ರಹ್ಮದೇವರ ಬಳಿಯಲ್ಲಿ ದೂರು. ಬ್ರಹ್ಮದೇವರಿಂದ ವಿಶಕರ್ಮನಿಗೆ ತಿಲೋತ್ತಮೆಯನ್ನು ನಿರ್ಮಿಸಲು ಆದೇಶ. ತಿಲೋತ್ತಮೆಯ ಸೌಂದರ್ಯ.),G33-S06,source-linked narrative draft; passage completeness NOT certified,heading_observed_not_scan_verified,"Compare every verse, explanation, named entry and commentary point with source. A citation range overlap is not proof that all content is spoken.",
Adi214,4,214,MAHABHARATA-4-AADIPARVA_djvu.txt,7055,7506,(ಸುಂದೋಪಸುಂದರ ಬಳಿಗೆ ತಿಲೋತ್ತಮೆಯ ಗಮನ. ಅವಳ ಸಲುವಾಗಿ ಅವರ ವಿರೋಧ. ಗದಾಯುದ್ಧದಿಂದ ಮರಣ. ನಾರದರ ಹಿತೋಪದೇಶ. ಪಾಂಡವರ ಸಮಯಬಂಧ.),G33-S07 | G33-S08,source-linked narrative draft; passage completeness NOT certified,heading_observed_not_scan_verified,"Compare every verse, explanation, named entry and commentary point with source. A citation range overlap is not proof that all content is spoken.",
Adi215,4,215,MAHABHARATA-4-AADIPARVA_djvu.txt,7507,7877,"(ಆಯುಧಾಗಾರದಲ್ಲಿದ್ದಧರ್ಮರಾಜ ದ್ರೌಪದಿ, ಬ್ರಾಹ್ಮಣನ ಗೋರಕ್ಷಣೆಗಾಗಿ ಅರ್ಜುನ ಅಲ್ಲಿಗೆ ಬಂದುದು, ಧರ್ಮರಾಜರನ್ನು ನೋಡಿ, ಅರ್ಜುನನ ವನವಾಸ ನಿಶ್ಚಯ.)",G34-S01 | G34-S02,source-linked narrative draft; passage completeness NOT certified,heading_observed_not_scan_verified,"Compare every verse, explanation, named entry and commentary point with source. A citation range overlap is not proof that all content is spoken.",
Adi216,4,216,MAHABHARATA-4-AADIPARVA_djvu.txt,7878,8293,"(ಅರ್ಜುನನ ತೀರ್ಥಯಾತ್ರೆ, ಉಲೂಪಿಯಿಂದ ಅರ್ಜುನನ ಹರಣ, ನಾಗಲೋಕ ಪ್ರಾಪ್ತಿ, ಇರಾವಂತನ ಉತ್ಪತ್ತಿ.)",G34-S03 | G34-S04,source-linked narrative draft; passage completeness NOT certified,heading_observed_not_scan_verified,"Compare every verse, explanation, named entry and commentary point with source. A citation range overlap is not proof that all content is spoken.",
Adi217,4,217,MAHABHARATA-4-AADIPARVA_djvu.txt,8294,8593,"(ಬ್ರಾಹ್ಮಣರಿಗೆ ಎಲ್ಲಾ ವೃತ್ತಾಂತವನ್ನು ತಿಳಿಸಿ ಅರ್ಜುನನ ಪ್ರಯಾಣ, ಮಣಲೂರಿನಲ್ಲಿ ಚಿತ್ರಾಂಗದೆಯ ವಿವಾಹ.)",G34-S04 | G34-S05,source-linked narrative draft; passage completeness NOT certified,heading_observed_not_scan_verified,"Compare every verse, explanation, named entry and commentary point with source. A citation range overlap is not proof that all content is spoken.",
Adi218,4,218,MAHABHARATA-4-AADIPARVA_djvu.txt,8594,9153,"(ದಕ್ಷಿಣ ಸಮುದ್ರತೀರದಲ್ಲಿ ನಾರೀತೀರ್ಥದಲ್ಲಿ ಅರ್ಜುನನಿಂದ ಅಪ್ಪರೆಯರ ಮೋಚನ. ಮಣಲೂರಿಗೆ ಹಿಂದಿರುಗಿ, ಚಿತ್ರವಾಹನನಿಗೆ ಬಭ್ರುವಾಹನನನ್ನು ಸಮರ್ಪಿಸಿ ಪುನಃ ತೀರ್ಥ ಯಾತ್ರಾಗಮನ.)",G34-S06 | G34-S07,source-linked narrative draft; passage completeness NOT certified,heading_observed_not_scan_verified,"Compare every verse, explanation, named entry and commentary point with source. A citation range overlap is not proof that all content is spoken.",
Adi219,4,219,MAHABHARATA-4-AADIPARVA_djvu.txt,9154,9555,"(ಅರ್ಜುನನ ಪ್ರಭಾಸಪ್ರಾಪ್ತಿ. ಸುಭದ್ರೆಯ ಚಿಂತೆಯಿಂದ ಯತಿವೇಷಧಾರಣ. ಕೃಷ್ಣನ ಆಗಮನ, ಸಮ್ಮತಿ ಮತ್ತು ಭೋಜನಾದಿ ವ್ಯವಸ್ಥೆ. ದ್ವಾರಕಾಪಟ್ಟಣಕ್ಕೆ ಪ್ರತಿನಿವೃತ್ತಿ.)",G34-S08,source-linked narrative draft; passage completeness NOT certified,heading_observed_not_scan_verified,"Compare every verse, explanation, named entry and commentary point with source. A citation range overlap is not proof that all content is spoken.",
Adi220,4,220,MAHABHARATA-4-AADIPARVA_djvu.txt,9556,9865,"(ರೈವತಕಪರ್ವತದಲ್ಲಿ ವೃಷ್ಟ್ಯಂಧಕರ ಮಹೋತ್ಸವ, ಅಲ್ಲಿಗೆ ಕೃಷ್ಣಸುಭದ್ರೆಯ ಆಗಮನ. ಕೃಷ್ಣನಲ್ಲಿ ಅರ್ಜುನನ ಪ್ರಾರ್ಥನೆ. ಕೃಷ್ಣನಿಂದ ಉಪಾಯ ಸೂಚನೆ ಮತ್ತು ಧರ್ಮರಾಜನ ಅನುಮತಿ)",G35-S01,source-linked narrative draft; passage completeness NOT certified,heading_observed_not_scan_verified,"Compare every verse, explanation, named entry and commentary point with source. A citation range overlap is not proof that all content is spoken.",
Adi221,4,221,MAHABHARATA-4-AADIPARVA_djvu.txt,9866,10385,"(ಉತ್ಸವವನ್ನು ಮುಗಿಸಿ ಎಲ್ಲರ ನಿರ್ಗಮನ, ಅರ್ಜುನನ ಚಿಂತೆ, ಬಲರಾಮಾದಿಗಳಿಂದ ಪುನಃ ಬಂದು ಚಾತುರ್ಮಾಸ್ಯವನ್ನು ಕನ್ಯಾಗಾರದಲ್ಲಿ ಕಳೆಯಬೇಕೆಂಬ ಪ್ರಾರ್ಥನೆ, ಕೃಷ್ಣನ ವಿರೋಧ ಸೂಚನೆ ಮತ್ತು ಅನುಮತಿ.)",G35-S02,source-linked narrative draft; passage completeness NOT certified,heading_observed_not_scan_verified,"Compare every verse, explanation, named entry and commentary point with source. A citation range overlap is not proof that all content is spoken.","Repeated chapter-opening headers in raw OCR: 9866,9951. Do not narrate duplicate as a second event."
Adi222,4,222,MAHABHARATA-4-AADIPARVA_djvu.txt,10386,11174,"(ಕನ್ಯಾಗಾರದ ಸಮೀಪದಲ್ಲಿ ಅರ್ಜುನನ ವಾಸ, ಸುಭದ್ರೆಯ ಉಪಚಾರ, ಅರ್ಜುನ ಸುಭದ್ರೆಯರ ಸಂವಾದ, ಅರ್ಜುನನ ಜೊತೆಯಲ್ಲಿ ಸಮಾಲೋಚಿಸಿ ಕೃಷ್ಣನಿಂದ ಎಲ್ಲರನ್ನೂ ದ್ವೀಪಾಂತರಕ್ಕೆ ಪ್ರೇಷಣ.)",G35-S03 | G35-S04,source-linked narrative draft; passage completeness NOT certified,heading_observed_not_scan_verified,"Compare every verse, explanation, named entry and commentary point with source. A citation range overlap is not proof that all content is spoken.",
Adi223,4,223,MAHABHARATA-4-AADIPARVA_djvu.txt,11175,12104,"(ಇಂದ್ರ ಮೊದಲಾದ ದೇವತೆಗಳಿಂದ ಕೃಷ್ಣನ ಸನ್ನಿಧಿಯಲ್ಲಿಸುಭದ್ರೆಯ ವಿವಾಹ,   ಕೃಷ್ಣನ ಸೂಚನೆಯಂತೆ ರಥದಲ್ಲಿ ಅರ್ಜುನ ಮತ್ತು ಸುಭದ್ರೆಯರ ನಿರ್ಗಮನ, ಕೆಲವರ ಹರ್ಷ ಮತ್ತು ಕೆಲವರ ರೋಷ)",G35-S05 | G35-S06,source-linked narrative draft; passage completeness NOT certified,heading_observed_not_scan_verified,"Compare every verse, explanation, named entry and commentary point with source. A citation range overlap is not proof that all content is spoken.",
Adi224,4,224,MAHABHARATA-4-AADIPARVA_djvu.txt,12105,12813,"(ದ್ವಾರಕೆಯಿಂದ ಸುಭದ್ರೆಯ ಜೊತೆಯಲ್ಲಿ ಅರ್ಜುನನ ನಿರ್ಗಮನ,   ಮಧ್ಯಮಾರ್ಗದಲ್ಲಿವಿಪೃಥುವಿನ ಪ್ರತಿರೋಧ ಮತ್ತು ಸಮ್ಮತಿ, ವೃಷ್ಣ್ಯಂಧಕರ ಸಭೆ, ಬಲರಾಮನ ಕೋಪ, ಕೃಷ್ಣನ ಮೌನ.)",G35-S07 | G35-S08 | G35-S09,source-linked narrative draft; passage completeness NOT certified,heading_observed_not_scan_verified,"Compare every verse, explanation, named entry and commentary point with source. A citation range overlap is not proof that all content is spoken.",
Adi225,4,225,MAHABHARATA-4-AADIPARVA_djvu.txt,12814,13171,"(ಕೃಷ್ಣನ ಹಿತೋಪದೇಶದಿಂದ ಬಲರಾಮಾದಿಗಳ ಸಮಾಧಾನ, ಅರ್ಜುನನನ್ನು   ಹಿಂಬಾಲಿಸಿದ ಯಾದವರ ಪ್ರತಿನಿವೃತ್ತಿ, ನೀಳದೇಶವನ್ನು ಅತಿಕ್ರಮಿಸಿ ಅರ್ಜುನನ ಕುರುದೇಶ ಪ್ರಾಪ್ತಿ.)",G36-S01 | G36-S02,source-linked narrative draft; passage completeness NOT certified,heading_observed_not_scan_verified,"Compare every verse, explanation, named entry and commentary point with source. A citation range overlap is not proof that all content is spoken.",
Adi226,4,226,MAHABHARATA-4-AADIPARVA_djvu.txt,13172,13518,"(ಅರ್ಜುನನ ಸ್ವಭವನ ಪ್ರಾಪ್ತಿ, ಗೋಪಾಲಿಕೆ ವೇಷದಿಂದ ಸುಭದ್ರೆಯ ಪ್ರವೇಶ, ಕುಂತಿಯ ಮತ್ತು ದ್ರೌಪದಿಯ ಆಶೀರ್ವಾದ, ಎಲ್ಲರ ಹರ್ಷ.)",G36-S02 | G36-S03,source-linked narrative draft; passage completeness NOT certified,heading_observed_not_scan_verified,"Compare every verse, explanation, named entry and commentary point with source. A citation range overlap is not proof that all content is spoken.",
Adi227,4,227,MAHABHARATA-4-AADIPARVA_djvu.txt,13519,14132,"(ಯಾದವರಿಂದ ಇಂದ್ರಪ್ರಸ್ಥಕ್ಕೆ ಉಡುಗೊರೆಗಳ ಆಹರಣ, ಇಂದ್ರಪ್ರಸ್ಥದಲ್ಲಿ ಏಳು ದಿನಗಳ ಕಾಲ ಅರ್ಜುನ-ಸುಭದ್ರೆಯರ ವಿವಾಹ, ಯಾದವರ ನಿರ್ಗಮನ, ಇಂದ್ರಪ್ರಸ್ಥದಲ್ಲಿ ಕೃಷ್ಣನ ವಾಸ.)",G36-S04 | G36-S05,source-linked narrative draft; passage completeness NOT certified,heading_observed_not_scan_verified,"Compare every verse, explanation, named entry and commentary point with source. A citation range overlap is not proof that all content is spoken.",
Adi228,4,228,MAHABHARATA-4-AADIPARVA_djvu.txt,14133,14488,"(ಅಭಿಮನ್ಯುವಿನ ಜನನ, ಕೃಷ್ಣನಿಂದ ಅವನ ಲಾಲನ, ಅರ್ಜುನನಿಂದ ಶಸ್ತ್ರಾಸ್ತ್ರ ಪ್ರಾಪ್ತಿ, ಪಂಚದ್ರೌಪದೇಯರ ಜನನ.)",G36-S06 | G36-S07 | G36-S08,source-linked narrative draft; passage completeness NOT certified,heading_observed_not_scan_verified,"Compare every verse, explanation, named entry and commentary point with source. A citation range overlap is not proof that all content is spoken.",
Adi229,4,229,MAHABHARATA-4-AADIPARVA_djvu.txt,14489,14824,"(ನಗರವಿಹಾರವನ್ನುಮುಗಿಸಿ ಯಮುನಾ ತೀರದಲ್ಲಿವಿಹರಿಸಲು ಕೃಷ್ಣಾರ್ಜುನರ ನಿರ್ಧಾರ, ಖಾಂಡವವನ ಪ್ರಾಪ್ತಿ ಮತ್ತು ವರ್ಣನೆ.)",G37-S01,source-linked narrative draft; passage completeness NOT certified,heading_observed_not_scan_verified,"Compare every verse, explanation, named entry and commentary point with source. A citation range overlap is not proof that all content is spoken.",
Adi230,4,230,MAHABHARATA-4-AADIPARVA_djvu.txt,14825,16423,"(ಯಮುನಾತೀರದಲ್ಲಿವಿಪ್ರವೇಷದಿಂದ ಬಂದು ಅಗ್ನಿಯಿಂದ ತನ್ನದುಚ್ಛಿತಿಯನ್ನು ತಿಳಿಸಿ ಖಾಂಡವದಹನಕ್ಕಾಗಿ ಕೃಷ್ಣಾರ್ಜುನರ ಸಹಾಯದ ಪ್ರಾರ್ಥನೆ. ತಮ್ಮ ತಮ್ಮ ಅಸ್ಪವನ್ನುಪಡೆದ ಕೃಷ್ಣಾರ್ಜುನರಿಂದ ಆಶ್ವಾಸನೆ, ಖಾಂಡವದಾಹದ ಉಪಕ್ರಮ.)",G37-S02 | G37-S03 | G37-S04 | G37-S05 | G37-S06,source-linked narrative draft; passage completeness NOT certified,heading_observed_not_scan_verified,"Compare every verse, explanation, named entry and commentary point with source. A citation range overlap is not proof that all content is spoken.",
Adi231,4,231,MAHABHARATA-4-AADIPARVA_djvu.txt,16424,17273,"(ಕೃಷ್ಣಾರ್ಜುನರ ರಕ್ಷಣೆಯಲ್ಲಿ ಅಗ್ನಿಯಿಂದ ಖಾಂಡವ ದಹನ, ಸರ್ವಪ್ರಾಣಿಗಳ ವಿನಾಶ. ದೇವತಾಗಣದ ಜೊತೆಯಲ್ಲಿ ಬಂದು ಇಂದ್ರನ ಯುದ್ಧಮತ್ತು ಅರ್ಜುನನ ಪ್ರತೀಕಾರ.)",G37-S07 | G37-S08 | G37-S09,source-linked narrative draft; passage completeness NOT certified,heading_observed_not_scan_verified,"Compare every verse, explanation, named entry and commentary point with source. A citation range overlap is not proof that all content is spoken.",
Adi232,4,232,MAHABHARATA-4-AADIPARVA_djvu.txt,17274,17722,(ಕೃಷ್ಣಾರ್ಜುನರ ರಕ್ಷಣೆಯಲ್ಲಿ ಅಗ್ನಿಯಿಂದ ಖಾಂಡವವನ ದಾಹ. ಕೃಷ್ಣಾರ್ಜುನರಿಂದ ಯುದ್ದಕ್ಕೆ ಬಂದ ದೇವತೆಗಳ ಪರಾಜಯ. ಅಶರೀರವಾಣಿಯಿಂದ ಇಂದ್ರನ ನಿವೃತ್ತಿ. ಅಗ್ನಿಯ ಹರ್ಷ. ಮಯನಿಗೆ ಅಭಯದಾನ.),G38-S01 | G38-S02 | G38-S03 | G39-S09,source-linked narrative draft; passage completeness NOT certified,heading_observed_not_scan_verified,"Compare every verse, explanation, named entry and commentary point with source. A citation range overlap is not proof that all content is spoken.",
Adi233,4,233,MAHABHARATA-4-AADIPARVA_djvu.txt,17723,18071,"(ಶಾಂರ್ಗಕಪಕ್ಟಿಗಳ ಅದಾಹಕ್ಕೆ ಕಾರಣಪ್ರಶ್ನೆ, ಮಂದಪಾಲಚರಿತೆ, ಮಕ್ಕಳಿಲ್ಲದ  ಅವನಿಂದ ಶಾಂರ್ಗಕ- ಪಕ್ಷಿರೂಪವನ್ನು ಧರಿಸಿ ಮಕ್ಕಳ ಉತ್ಪಾದನೆ.)",G38-S04 | G38-S05 | G38-S06 | G39-S09,source-linked narrative draft; passage completeness NOT certified,heading_observed_not_scan_verified,"Compare every verse, explanation, named entry and commentary point with source. A citation range overlap is not proof that all content is spoken.",
Adi234,4,234,MAHABHARATA-4-AADIPARVA_djvu.txt,18072,18316,"(ಸಮೀಪಿಸುತ್ತಿರುವ ಅಗ್ನಿಯನ್ನು ನೋಡಿ ಜರಿತೆಯ ವಿಹ್ವಲತಾ, ಮಕ್ಕಳನ್ನು ಉಳಿಸಲು ಅವರ ಜೊತೆಯಲ್ಲಿಸಂವಾದ. ಮೂಷಿಕಬಿಲವನ್ನು ಪ್ರವೇಶಿಸಲು ಮಕ್ಕಳ ನಿರಾಕರಣೆ.)",G38-S07 | G38-S08 | G39-S09,source-linked narrative draft; passage completeness NOT certified,heading_observed_not_scan_verified,"Compare every verse, explanation, named entry and commentary point with source. A citation range overlap is not proof that all content is spoken.",
Adi235,4,235,MAHABHARATA-4-AADIPARVA_djvu.txt,18317,18525,(ಇಲಿಯ ಬಿಲವನ್ನು ಪ್ರವೇಶಿಸಲು ತಾಯಿಯ ನಿರ್ಬಂಧ. ಮಕ್ಕಳಿಂದ ಅದರ ನಿರಾಕರಣೆ. ತಾಯಿಯು ಹೇಳಿದ ಶ್ಯೇನವೃತ್ತಾಂತದಲ್ಲಿ ಮಕ್ಕಳ ಅವಿಶ್ವಾಸ. ಜರಿತಾರಿಯಿಂದ ಅಗ್ನಿಯ ಸ್ತೋತ್ರ.),G39-S01 | G39-S02 | G39-S09,source-linked narrative draft; passage completeness NOT certified,heading_observed_not_scan_verified,"Compare every verse, explanation, named entry and commentary point with source. A citation range overlap is not proof that all content is spoken.",
Adi236,4,236,MAHABHARATA-4-AADIPARVA_djvu.txt,18526,18793,(ಸಮೀಪದಲ್ಲಿಬರುತ್ತಿರುವ ಅಗ್ನಿಯನ್ನುನೋಡಿ ಜರಿತಾರಿಯಾದಿಗಳ ಸ್ತೋತ್ರ. ಪ್ರಸನ್ನನಾದ ಅಗ್ನಿಯಿಂದ ಅವರ ಮೋಚನೆ.),G39-S03 | G39-S04 | G39-S09,source-linked narrative draft; passage completeness NOT certified,heading_observed_not_scan_verified,"Compare every verse, explanation, named entry and commentary point with source. A citation range overlap is not proof that all content is spoken.",
Adi237,4,237,MAHABHARATA-4-AADIPARVA_djvu.txt,18794,19389,(ಮಂದಪಾಲನಿಗೆ ಲಪಿತೆಯ ಮತ್ತು ಜರಿತೆಯ ತಿರಸ್ಕಾರದ ವಚನಗಳು. ಪತ್ನೀಪುತ್ರರೊಡನೆ ಮಂದಪಾಲನ ದೇಶಾಂತರ ಗಮನ. ಸ್ವರ್ಗದಿಂದ ಇಂದ್ರನ ಆಗಮನ. ಸಂತೋಷಪ್ರಕಟನ ಮತ್ತು ವರದಾನ.),I1-S05 | G39-S05 | G39-S06 | G39-S07 | G39-S08 | G39-S09,source-linked narrative draft; passage completeness NOT certified,heading_observed_not_scan_verified,"Compare every verse, explanation, named entry and commentary point with source. A citation range overlap is not proof that all content is spoken.",
